Sample	Lineage
Reference	Reference
SRR10005236	Clade 3
SRR10005570	Clade 3
SRR10007520	Clade 2
SRR10007600	Clade 2
SRR10024925	Clade 3
SRR10024940	Clade 3
SRR10037210	Unassigned
SRR10043667	Clade 3
SRR10045197	Clade 3
SRR10082252	Clade 2
SRR10094671	Clade 3
SRR10100577	Clade 3
SRR10100578	Clade 3
SRR10113598	Clade 3
SRR10116833	Clade 3
SRR10129535	Clade 3
SRR10156112	Clade 3
SRR10156131	Clade 3
SRR10162504	Clade 3
SRR10180499	Clade 3
SRR10180527	Clade 3
SRR10180528	Clade 3
SRR10180535	Clade 3
SRR10180551	Clade 3
SRR10180626	Clade 3
SRR10180695	Clade 3
SRR10187040	Clade 3
SRR10192541	Clade 3
SRR10192956	Clade 3
SRR10198960	Clade 3
SRR10211820	Clade 2
SRR10218514	Clade 3
SRR10237562	Clade 3
SRR1023849	Clade 2
SRR1023856	Clade 2
SRR1027063	Clade 2
SRR1027064	Clade 2
SRR10298819	Clade 2
SRR1030363	Clade 2
SRR10307607	Clade 3
SRR1033488	Clade 1A
SRR10341300	Clade 3
SRR10343017	Clade 3
SRR10343278	Clade 3
SRR10360913	Clade 3
SRR10360931	Clade 3
SRR1036450	Clade 2
SRR10397773	Clade 3
SRR10398727	Clade 3
SRR10400359	Clade 3
SRR1041473	Clade 2
SRR10415401	Clade 3
SRR10416880	Clade 3
SRR10435115	Clade 3
SRR10465619	Clade 3
SRR1048253	Clade 2
SRR1048293	Clade 2
SRR1048308	Clade 2
SRR10513984	Clade 3
SRR1055747	Clade 2
SRR10569041	Clade 3
SRR10574368	Clade 3
SRR10574888	Clade 2
SRR10574906	Clade 3
SRR10611440	Clade 3
SRR10612311	Clade 3
SRR10615173	Clade 3
SRR10615175	Clade 3
SRR1067626	Clade 2
SRR1067640	Clade 2
SRR1067644	Clade 2
SRR1067669	Clade 2
SRR1068360	Clade 1A
SRR10689897	Clade 3
SRR10691617	Clade 3
SRR10740756	Clade 3
SRR10740847	Clade 3
SRR10803910	Clade 3
SRR10810415	Clade 3
SRR10815551	Clade 3
SRR10870967	Unassigned
SRR10875988	Clade 3
SRR10878618	Clade 3
SRR10879509	Clade 3
SRR10897085	Clade 3
SRR10897087	Clade 3
SRR10918509	Clade 3
SRR10920717	Clade 3
SRR10963328	Clade 3
SRR10963340	Clade 2
SRR11039213	Clade 3
SRR11040154	Clade 3
SRR11057124	Clade 3
SRR1106166	Clade 2
SRR1106173	Clade 2
SRR1106174	Clade 2
SRR1106207	Clade 2
SRR1106234	Clade 2
SRR1106257	Clade 2
SRR11080630	Clade 3
SRR11080650	Clade 3
SRR11102091	Clade 3
SRR11124644	Clade 2
SRR11126543	Clade 2
SRR11126563	Clade 2
SRR11126564	Clade 2
SRR11142434	Clade 3
SRR11142451	Clade 3
SRR11142455	Clade 3
SRR11142463	Clade 3
SRR11195969	Clade 3
SRR11214805	Clade 3
SRR11247918	Clade 3
SRR11268451	Clade 3
SRR11268554	Clade 3
SRR11317887	Clade 3
SRR11357325	Clade 3
SRR11357338	Unassigned
SRR11394754	Clade 3
SRR1141178	Clade 2
SRR11430458	Clade 3
SRR11430492	Clade 3
SRR11452536	Clade 3
SRR11457778	Clade 2
SRR11457779	Clade 2
SRR11471047	Clade 3
SRR11488826	Clade 3
SRR11510977	Clade 2
SRR11521778	Clade 3
SRR11521885	Clade 3
SRR11557920	Clade 3
SRR11557921	Clade 3
SRR11574808	Clade 3
SRR1157840	Clade 2
SRR1157867	Clade 1A
SRR1157878	Clade 2
SRR1157879	Clade 2
SRR1157898	Clade 2
SRR1157978	Clade 2
SRR1158023	Unassigned
SRR1158135	Unassigned
SRR1158158	Clade 2
SRR11615692	Clade 2
SRR11615711	Clade 2
SRR11616563	Clade 2
SRR11616564	Clade 2
SRR11616567	Clade 2
SRR11616607	Clade 2
SRR11616608	Clade 2
SRR11616623	Clade 2
SRR11627852	Clade 3
SRR11627853	Clade 3
SRR11627949	Clade 3
SRR1164605	Clade 2
SRR11654195	Clade 3
SRR11654220	Clade 3
SRR11654259	Clade 3
SRR11654273	Clade 3
SRR11681152	Clade 3
SRR11714399	Clade 3
SRR1177301	Unassigned
SRR1177566	Unassigned
SRR11799638	Clade 2
SRR11802382	Clade 3
SRR1181547	Clade 2
SRR11833407	Clade 3
SRR11847226	Clade 3
SRR11937741	Clade 3
SRR11945603	Clade 3
SRR1207468	Clade 2
SRR1207483	Clade 2
SRR1207551	Clade 2
SRR12097291	Clade 3
SRR12169355	Clade 2
SRR12188979	Clade 3
SRR1220744	Unassigned
SRR1220773	Clade 1B
SRR1220800	Unassigned
SRR12319455	Clade 3
SRR12386240	Unassigned
SRR12441793	Clade 3
SRR12449706	Clade 2
SRR12472334	Clade 3
SRR1248786	Clade 3
SRR12508222	Clade 3
SRR12511007	Clade 3
SRR1258572	Clade 3
SRR1258581	Clade 2
SRR1258628	Clade 1B
SRR12595423	Clade 3
SRR12628460	Clade 3
SRR1263931	Clade 2
SRR12660973	Clade 3
SRR12683266	Clade 3
SRR12698237	Clade 3
SRR12698270	Clade 3
SRR12698346	Clade 3
SRR12698350	Clade 3
SRR12708982	Unassigned
SRR1272538	Clade 1B
SRR12775698	Clade 2
SRR12799171	Clade 3
SRR12804394	Clade 3
SRR12817661	Clade 3
SRR12842631	Clade 3
SRR12845433	Clade 3
SRR12883946	Clade 1B
SRR12884673	Clade 2
SRR12885466	Clade 2
SRR12905860	Clade 2
SRR12905918	Clade 3
SRR1292315	Unassigned
SRR12926776	Clade 3
SRR12956954	Clade 3
SRR12973950	Clade 3
SRR12974179	Clade 2
SRR12982420	Clade 2
SRR12982542	Clade 1B
SRR12982660	Clade 2
SRR12982671	Clade 2
SRR12982679	Clade 2
SRR12982681	Clade 2
SRR12982684	Clade 2
SRR12991906	Clade 3
SRR12991912	Clade 2
SRR12993384	Unassigned
SRR1299359	Clade 1B
SRR1299399	Clade 2
SRR1299423	Clade 2
SRR13001988	Clade 3
SRR13004492	Clade 3
SRR1300592	Clade 1A
SRR1300645	Clade 2
SRR1300650	Clade 1A
SRR1300693	Clade 1B
SRR1300700	Clade 1A
SRR1300731	Clade 1B
SRR13008681	Clade 3
SRR13012263	Clade 2
SRR13020535	Clade 3
SRR13020560	Clade 2
SRR1302872	Clade 2
SRR13044111	Clade 2
SRR13061817	Clade 2
SRR13061902	Clade 2
SRR13067964	Clade 3
SRR13093953	Clade 2
SRR13093954	Clade 2
SRR13093956	Clade 3
SRR13094195	Clade 1B
SRR13094214	Clade 3
SRR13105349	Clade 3
SRR13115009	Clade 2
SRR13115014	Clade 2
SRR13115756	Clade 2
SRR13207711	Clade 2
SRR13207716	Clade 2
SRR13207717	Clade 3
SRR13207724	Clade 2
SRR13208371	Clade 3
SRR13222023	Clade 3
SRR13224846	Clade 2
SRR13233991	Clade 2
SRR13233997	Clade 2
SRR13234031	Clade 2
SRR13234068	Clade 2
SRR13244449	Clade 2
SRR13244452	Unassigned
SRR13244894	Clade 3
SRR13245353	Clade 2
SRR13246825	Clade 2
SRR13246867	Clade 2
SRR13246904	Clade 1A
SRR13246908	Clade 1B
SRR13246941	Clade 3
SRR13246965	Clade 1B
SRR13252696	Clade 2
SRR13252697	Unassigned
SRR13253220	Clade 2
SRR13253228	Clade 2
SRR13260349	Clade 2
SRR13268994	Clade 1B
SRR13269013	Clade 3
SRR13277035	Clade 1B
SRR13277096	Clade 1B
SRR13277118	Clade 2
SRR13277127	Clade 1B
SRR13277449	Clade 1B
SRR13277617	Clade 1B
SRR13277631	Clade 1B
SRR13277633	Clade 2
SRR13277648	Clade 1B
SRR13277654	Clade 1A
SRR13277665	Clade 1B
SRR13277690	Clade 1B
SRR13277794	Clade 1B
SRR13277831	Clade 1B
SRR13277837	Clade 1B
SRR13277840	Clade 1B
SRR13282121	Clade 2
SRR13282385	Clade 3
SRR13284690	Clade 1B
SRR13284752	Clade 1B
SRR13284908	Clade 1B
SRR13284923	Clade 1A
SRR13286893	Clade 1A
SRR13286976	Clade 1A
SRR13286992	Clade 1B
SRR13287051	Clade 1B
SRR13287057	Clade 1B
SRR13287061	Clade 1B
SRR13287105	Clade 1B
SRR13287110	Clade 1B
SRR13287116	Clade 1B
SRR13287156	Clade 1B
SRR13287177	Clade 3
SRR13296484	Clade 1B
SRR13296485	Unassigned
SRR13317058	Clade 1B
SRR13340842	Clade 3
SRR13348528	Clade 1B
SRR13370167	Unassigned
SRR13374157	Clade 2
SRR13387018	Clade 2
SRR13387020	Clade 2
SRR13388095	Clade 2
SRR13402541	Clade 3
SRR13402547	Clade 2
SRR13403389	Clade 3
SRR13438650	Clade 2
SRR13438966	Unassigned
SRR13438975	Clade 1B
SRR13439121	Clade 2
SRR13443239	Unassigned
SRR13443241	Unassigned
SRR13443250	Clade 2
SRR13443265	Clade 2
SRR13443405	Clade 2
SRR13444966	Clade 1B
SRR13450025	Clade 3
SRR13450036	Clade 3
SRR1346267	Clade 1A
SRR1346292	Clade 1B
SRR1346297	Clade 2
SRR1346308	Clade 2
SRR13496955	Clade 2
SRR13518469	Clade 3
SRR13564829	Clade 2
SRR13566029	Clade 3
SRR13572488	Clade 3
SRR13574931	Clade 3
SRR13593686	Clade 3
SRR13641919	Clade 2
SRR13641922	Clade 2
SRR13642989	Clade 2
SRR13642997	Clade 3
SRR13642999	Clade 2
SRR13643128	Clade 3
SRR13643355	Clade 2
SRR13651419	Clade 2
SRR13651420	Clade 2
SRR13651458	Clade 2
SRR13651735	Clade 3
SRR13664911	Clade 3
SRR13664933	Clade 3
SRR13697450	Clade 2
SRR13700293	Clade 2
SRR13724139	Clade 1B
SRR13729875	Clade 3
SRR13733120	Clade 3
SRR13737092	Clade 3
SRR13740543	Clade 3
SRR13744196	Clade 3
SRR13744201	Clade 3
SRR13764397	Clade 3
SRR13764778	Clade 3
SRR13779942	Clade 3
SRR13779947	Clade 3
SRR13797348	Clade 2
SRR13826499	Clade 3
SRR13826512	Clade 1B
SRR13826514	Clade 3
SRR13863854	Clade 1B
SRR13925221	Clade 3
SRR13926749	Unassigned
SRR13943459	Clade 3
SRR13944346	Clade 3
SRR13960130	Clade 3
SRR13960180	Clade 3
SRR13988412	Clade 3
SRR13988413	Clade 3
SRR13988419	Clade 3
SRR13998239	Clade 3
SRR13998290	Clade 3
SRR14028714	Clade 2
SRR14045189	Clade 1B
SRR14045203	Clade 3
SRR14045209	Clade 3
SRR14045214	Clade 1B
SRR14069034	Clade 3
SRR14069656	Clade 3
SRR14069785	Clade 3
SRR14069800	Clade 3
SRR14073870	Clade 3
SRR14084206	Clade 3
SRR14097145	Clade 3
SRR14097340	Clade 3
SRR14097614	Clade 3
SRR14127694	Clade 3
SRR14128912	Clade 3
SRR14164306	Clade 3
SRR14168453	Clade 3
SRR14183444	Clade 3
SRR14195540	Clade 3
SRR14197794	Clade 3
SRR14207927	Clade 3
SRR1422665	Clade 1B
SRR14228028	Clade 1B
SRR14238972	Clade 3
SRR14244123	Clade 3
SRR1425264	Clade 1A
SRR14253911	Clade 3
SRR14255429	Clade 1B
SRR14263235	Clade 3
SRR14263365	Clade 3
SRR1427088	Clade 1B
SRR1427094	Clade 1A
SRR14272150	Clade 2
SRR14272152	Clade 2
SRR14272155	Clade 2
SRR14286799	Clade 3
SRR14294901	Clade 3
SRR14294902	Clade 3
SRR14295612	Unassigned
SRR14298479	Clade 3
SRR14298480	Clade 2
SRR14325773	Clade 2
SRR14355013	Clade 1B
SRR14355070	Clade 3
SRR14355109	Clade 3
SRR14355113	Clade 3
SRR14360003	Clade 2
SRR14369346	Clade 3
SRR14369568	Clade 3
SRR14369977	Clade 3
SRR14407403	Clade 3
SRR14408138	Clade 1B
SRR14408198	Clade 2
SRR14455324	Clade 2
SRR14455327	Clade 3
SRR14456816	Clade 3
SRR14482291	Clade 3
SRR1449919	Clade 2
SRR1449920	Clade 2
SRR1449924	Unassigned
SRR14520862	Clade 3
SRR14520881	Clade 1B
SRR14520887	Clade 1B
SRR14520892	Clade 3
SRR14520898	Clade 3
SRR14521863	Clade 3
SRR14536091	Clade 3
SRR14554360	Clade 3
SRR14566007	Clade 1B
SRR14568205	Clade 3
SRR14568421	Clade 3
SRR14577404	Clade 1A
SRR14577674	Clade 3
SRR14577687	Clade 1B
SRR14588845	Clade 2
SRR14589066	Clade 2
SRR14591229	Clade 1B
SRR14593441	Clade 1B
SRR14594969	Clade 3
SRR14595565	Clade 3
SRR14606191	Clade 3
SRR14606242	Clade 3
SRR14613518	Clade 3
SRR14619846	Clade 3
SRR14633212	Clade 3
SRR14633242	Clade 3
SRR14633491	Clade 3
SRR14634669	Clade 3
SRR14658615	Clade 3
SRR14672055	Clade 3
SRR14676999	Clade 3
SRR14677309	Clade 3
SRR14682980	Clade 3
SRR14715725	Clade 3
SRR14722994	Clade 2
SRR14739180	Clade 3
SRR14751851	Clade 3
SRR14751917	Clade 3
SRR14760402	Clade 2
SRR14760874	Clade 1A
SRR14760935	Clade 1A
SRR14761490	Clade 3
SRR14761683	Clade 1B
SRR14761743	Clade 2
SRR14766001	Clade 1A
SRR14766193	Clade 1A
SRR14788727	Clade 3
SRR14788861	Clade 3
SRR14793010	Clade 3
SRR14807254	Clade 3
SRR14810341	Clade 3
SRR1481670	Clade 2
SRR1481932	Clade 1A
SRR14821315	Clade 1A
SRR1482384	Clade 2
SRR1482391	Clade 1B
SRR14825531	Clade 3
SRR14825536	Clade 3
SRR14863592	Clade 3
SRR14879519	Clade 3
SRR14880049	Clade 3
SRR14880487	Clade 3
SRR14904879	Clade 2
SRR14908182	Clade 3
SRR14944490	Clade 3
SRR14959369	Clade 1B
SRR14970030	Clade 3
SRR15007078	Clade 3
SRR15007555	Clade 3
SRR15008230	Clade 3
SRR15008390	Clade 3
SRR15012775	Clade 1B
SRR1501472	Clade 2
SRR1501704	Unassigned
SRR1501708	Unassigned
SRR15017624	Clade 3
SRR15030685	Clade 3
SRR1503325	Clade 1A
SRR15051565	Clade 3
SRR15054261	Clade 1B
SRR15061176	Clade 1B
SRR15069633	Clade 1B
SRR15070641	Clade 3
SRR15074064	Clade 3
SRR15089636	Clade 3
SRR15107941	Clade 1B
SRR1511492	Unassigned
SRR1511512	Clade 1B
SRR15115355	Clade 3
SRR15115356	Clade 3
SRR15115357	Clade 3
SRR15116020	Clade 3
SRR15116021	Clade 3
SRR15142400	Clade 2
SRR15142403	Clade 2
SRR1514708	Clade 2
SRR1514734	Clade 2
SRR1514757	Clade 2
SRR15164982	Clade 3
SRR15178540	Clade 1B
SRR15178542	Clade 3
SRR15178588	Clade 3
SRR15192901	Clade 3
SRR15192920	Clade 3
SRR15192922	Clade 3
SRR15192923	Clade 1B
SRR15194593	Clade 3
SRR15196406	Clade 3
SRR15197502	Clade 3
SRR15197505	Clade 3
SRR15197545	Clade 3
SRR15207364	Clade 3
SRR15210109	Clade 3
SRR15210154	Clade 3
SRR1521521	Clade 1B
SRR1521523	Clade 1B
SRR1521567	Clade 1B
SRR15216966	Clade 3
SRR15217986	Clade 3
SRR15217995	Clade 3
SRR15223066	Clade 3
SRR15223068	Clade 3
SRR15223075	Clade 3
SRR15230023	Clade 3
SRR15248048	Clade 3
SRR15248051	Clade 3
SRR15248635	Clade 3
SRR15257848	Clade 3
SRR15257873	Clade 3
SRR15258708	Clade 3
SRR15258780	Clade 3
SRR15258782	Clade 1B
SRR15276503	Clade 3
SRR15276506	Clade 3
SRR15276549	Clade 2
SRR15276561	Clade 3
SRR15276827	Clade 3
SRR15288875	Clade 1A
SRR15293593	Clade 3
SRR15293605	Clade 3
SRR15293621	Clade 3
SRR15293652	Clade 1B
SRR15293684	Clade 3
SRR15293695	Clade 1B
SRR15293714	Clade 1A
SRR15293755	Clade 1B
SRR15293756	Clade 3
SRR15293798	Clade 3
SRR15295140	Clade 3
SRR15295159	Clade 3
SRR15321234	Clade 3
SRR15321333	Clade 3
SRR15322001	Clade 3
SRR15323868	Clade 3
SRR15330760	Clade 3
SRR15334954	Clade 1B
SRR15338589	Clade 3
SRR15347849	Clade 3
SRR1534898	Clade 1A
SRR1534900	Clade 2
SRR15358932	Clade 3
SRR15359627	Clade 3
SRR15359688	Clade 3
SRR15361553	Clade 3
SRR15361718	Clade 3
SRR15361739	Clade 3
SRR15362582	Clade 1B
SRR15367829	Clade 3
SRR15413237	Clade 3
SRR15430981	Clade 3
SRR15466035	Clade 3
SRR15482933	Clade 1B
SRR15483653	Clade 3
SRR15488703	Clade 3
SRR15499601	Clade 3
SRR15508190	Clade 3
SRR15508192	Clade 3
SRR15508193	Clade 3
SRR15508573	Clade 1B
SRR15508602	Clade 3
SRR15529964	Clade 3
SRR1553742	Clade 2
SRR1553743	Clade 2
SRR1553895	Clade 2
SRR15539231	Clade 3
SRR15539465	Clade 3
SRR15540750	Clade 3
SRR15564648	Clade 1B
SRR15564649	Clade 1B
SRR15567271	Clade 3
SRR1556970	Clade 1B
SRR15593880	Clade 3
SRR15593892	Clade 3
SRR15598670	Clade 3
SRR1561687	Clade 1B
SRR1562583	Clade 2
SRR1562611	Clade 2
SRR1562662	Unassigned
SRR1562664	Clade 1A
SRR15654869	Clade 3
SRR1566240	Clade 2
SRR15668573	Clade 3
SRR15668574	Clade 3
SRR15668579	Clade 3
SRR15668586	Clade 3
SRR15668609	Clade 3
SRR15668659	Clade 3
SRR15671080	Clade 3
SRR15671084	Clade 1B
SRR15671127	Clade 3
SRR15671248	Clade 3
SRR15686048	Clade 1B
SRR1569683	Clade 2
SRR15701439	Clade 3
SRR15708962	Clade 3
SRR15712160	Clade 3
SRR15714158	Clade 3
SRR1571586	Clade 3
SRR1573093	Clade 1B
SRR1573175	Clade 2
SRR1573177	Clade 1B
SRR1573562	Clade 2
SRR15736196	Clade 3
SRR15736248	Clade 3
SRR15741926	Clade 1B
SRR1574249	Clade 2
SRR1574287	Clade 1B
SRR1574303	Clade 2
SRR1575942	Clade 2
SRR1576562	Clade 1B
SRR1576563	Clade 1B
SRR1582196	Unassigned
SRR15824993	Clade 3
SRR15825574	Clade 3
SRR15829432	Clade 3
SRR15829472	Clade 3
SRR15829480	Clade 3
SRR15829485	Clade 3
SRR15829486	Clade 3
SRR15845003	Clade 3
SRR15845754	Clade 3
SRR1586612	Clade 3
SRR15871277	Clade 3
SRR15879343	Clade 1B
SRR15880359	Clade 3
SRR1588668	Clade 1B
SRR1588682	Clade 1B
SRR1588683	Clade 2
SRR15926870	Clade 3
SRR1593392	Unassigned
SRR1593413	Unassigned
SRR15941826	Clade 1B
SRR15942410	Clade 1B
SRR1596389	Clade 1B
SRR15970929	Clade 1B
SRR15972061	Clade 3
SRR15997162	Clade 3
SRR15998138	Clade 1B
SRR16006932	Clade 3
SRR16006937	Clade 3
SRR16006941	Clade 3
SRR16006945	Clade 3
SRR16018818	Clade 3
SRR16028432	Clade 3
SRR16028437	Clade 3
SRR16039593	Clade 3
SRR16039602	Clade 3
SRR16043579	Clade 3
SRR16053779	Clade 3
SRR16053792	Clade 3
SRR16054269	Clade 3
SRR16085934	Unassigned
SRR16097292	Clade 3
SRR16097297	Clade 3
SRR16099337	Clade 3
SRR16099992	Clade 3
SRR16100686	Clade 2
SRR16100698	Clade 3
SRR16100740	Clade 3
SRR16100747	Clade 3
SRR16115053	Clade 3
SRR16115056	Clade 3
SRR16118046	Clade 3
SRR16118047	Clade 1B
SRR16118053	Clade 3
SRR16118502	Clade 3
SRR16152134	Clade 3
SRR16152143	Clade 3
SRR1616791	Clade 2
SRR16192630	Clade 3
SRR16192636	Clade 3
SRR16192646	Clade 3
SRR16216144	Clade 3
SRR16216146	Clade 3
SRR16216148	Clade 3
SRR16216454	Clade 3
SRR16216486	Clade 1B
SRR16216487	Clade 3
SRR16216491	Clade 3
SRR16216493	Clade 3
SRR16216494	Clade 1B
SRR16216498	Clade 3
SRR16237237	Clade 3
SRR16263608	Clade 3
SRR16263620	Clade 3
SRR16263695	Clade 3
SRR16263881	Clade 3
SRR16291120	Clade 3
SRR16296860	Clade 1A
SRR16298015	Clade 3
SRR16311901	Clade 1B
SRR16312704	Clade 3
SRR16312708	Clade 1B
SRR16313018	Clade 3
SRR16313023	Clade 3
SRR1633490	Clade 1A
SRR1633491	Clade 2
SRR1633504	Clade 2
SRR1633506	Clade 1B
SRR1633522	Clade 2
SRR1633526	Clade 2
SRR1633529	Clade 2
SRR1633535	Clade 2
SRR1633876	Unassigned
SRR16351776	Clade 3
SRR16351779	Clade 3
SRR16355687	Clade 3
SRR16388414	Clade 3
SRR16388420	Clade 3
SRR16388421	Clade 3
SRR16464266	Clade 3
SRR1646529	Clade 3
SRR1646583	Clade 2
SRR16480656	Clade 3
SRR16480667	Clade 3
SRR1649578	Clade 1A
SRR16519990	Clade 3
SRR16519995	Clade 3
SRR16526335	Clade 3
SRR1653366	Clade 1A
SRR16533698	Clade 1B
SRR16561766	Clade 3
SRR16561867	Clade 3
SRR16563006	Clade 3
SRR16563724	Clade 3
SRR16573784	Clade 3
SRR16573787	Clade 1B
SRR16574387	Clade 3
SRR16574407	Clade 3
SRR16574925	Clade 3
SRR16587940	Clade 3
SRR16598667	Clade 3
SRR16603369	Clade 3
SRR16632212	Clade 3
SRR16632370	Clade 3
SRR1664327	Clade 2
SRR1664329	Clade 2
SRR16643684	Clade 3
SRR16643721	Clade 3
SRR16676344	Clade 3
SRR16676345	Clade 3
SRR16676349	Clade 3
SRR16676352	Clade 3
SRR16693177	Clade 3
SRR16693295	Clade 3
SRR16693323	Clade 1B
SRR16693609	Clade 3
SRR16693802	Clade 3
SRR16693805	Clade 3
SRR16760855	Clade 1B
SRR16760858	Clade 3
SRR16761463	Clade 3
SRR16764591	Clade 3
SRR16767069	Clade 3
SRR16798026	Clade 3
SRR16821323	Clade 3
SRR1685377	Unassigned
SRR16864031	Clade 3
SRR16864033	Clade 3
SRR1686427	Unassigned
SRR1687183	Clade 1A
SRR16889924	Clade 3
SRR16889925	Clade 3
SRR16890796	Clade 3
SRR16892348	Clade 3
SRR16893046	Clade 3
SRR16925331	Clade 3
SRR16931617	Clade 3
SRR16947311	Clade 3
SRR16948681	Clade 3
SRR16951788	Clade 3
SRR1695626	Clade 2
SRR16957208	Clade 3
SRR16957209	Clade 3
SRR16957215	Clade 3
SRR1695748	Clade 2
SRR1695764	Clade 2
SRR16958423	Clade 3
SRR16958681	Clade 3
SRR16968797	Clade 3
SRR16969594	Clade 3
SRR16975427	Clade 3
SRR16976803	Clade 3
SRR1698195	Unassigned
SRR16987626	Clade 3
SRR16987627	Clade 3
SRR16987630	Clade 3
SRR17001451	Clade 3
SRR17015549	Clade 1A
SRR17015551	Clade 3
SRR17017371	Clade 3
SRR17017374	Clade 1B
SRR17028719	Clade 1B
SRR17029003	Clade 3
SRR17032407	Clade 3
SRR1703336	Unassigned
SRR17049156	Clade 1B
SRR17064919	Clade 1B
SRR17064920	Clade 1B
SRR17064934	Clade 3
SRR17064936	Clade 3
SRR17064939	Clade 3
SRR17064942	Clade 3
SRR17064944	Clade 3
SRR17066255	Clade 3
SRR17084788	Clade 3
SRR17090179	Clade 3
SRR17117116	Clade 3
SRR17120459	Clade 3
SRR17120466	Clade 3
SRR17120468	Clade 3
SRR1713640	Clade 1A
SRR17143685	Clade 3
SRR17144954	Clade 2
SRR17144991	Clade 3
SRR17155934	Clade 3
SRR17156529	Clade 3
SRR17157255	Clade 3
SRR17157309	Clade 3
SRR17181004	Clade 3
SRR17181356	Clade 3
SRR17183310	Clade 1B
SRR17188755	Clade 3
SRR17188816	Clade 2
SRR17196483	Clade 3
SRR1720754	Clade 2
SRR17218371	Clade 3
SRR17227325	Clade 3
SRR17229384	Clade 3
SRR17229390	Clade 3
SRR17229627	Clade 3
SRR17237687	Clade 3
SRR17247919	Clade 3
SRR17253460	Clade 3
SRR17253473	Clade 3
SRR17263728	Unassigned
SRR17263739	Clade 1B
SRR17287263	Clade 3
SRR17295735	Clade 3
SRR17297271	Clade 3
SRR17312504	Clade 3
SRR17313171	Clade 3
SRR17313172	Clade 3
SRR17313359	Clade 3
SRR17319895	Clade 3
SRR17321510	Clade 3
SRR1732585	Clade 2
SRR17334921	Clade 3
SRR17335446	Clade 3
SRR17335451	Clade 3
SRR17335454	Clade 1B
SRR17335458	Clade 3
SRR17335469	Clade 3
SRR17335483	Clade 3
SRR17349075	Clade 3
SRR17349148	Clade 3
SRR17349583	Clade 3
SRR17382578	Clade 3
SRR17412974	Clade 3
SRR17414672	Clade 3
SRR17427539	Clade 3
SRR17428778	Clade 1B
SRR17439762	Clade 3
SRR17439763	Clade 3
SRR1743998	Clade 1A
SRR17487520	Clade 3
SRR17487521	Clade 3
SRR17487852	Clade 3
SRR17488136	Clade 3
SRR1752778	Clade 2
SRR1752814	Unassigned
SRR1752853	Clade 2
SRR1752882	Clade 2
SRR17530181	Clade 1B
SRR17534457	Clade 2
SRR17549410	Clade 3
SRR17553097	Clade 1B
SRR17567850	Clade 3
SRR17605463	Clade 3
SRR17608032	Clade 3
SRR17621991	Clade 3
SRR17621994	Clade 3
SRR17652808	Clade 3
SRR17655923	Clade 3
SRR17655927	Clade 1B
SRR17655929	Clade 3
SRR17717270	Clade 3
SRR17721558	Clade 3
SRR17721680	Clade 3
SRR17721903	Clade 3
SRR17721910	Clade 1B
SRR1773593	Clade 1B
SRR1774059	Clade 2
SRR17763813	Clade 1B
SRR17763878	Clade 1B
SRR17763879	Clade 1B
SRR1777689	Clade 1A
SRR17785555	Clade 1B
SRR17786820	Clade 3
SRR17791906	Clade 3
SRR17808928	Clade 1B
SRR17809031	Clade 1B
SRR1783172	Unassigned
SRR17836624	Clade 3
SRR17837075	Clade 3
SRR17843436	Clade 1A
SRR17849390	Clade 3
SRR17885115	Clade 1B
SRR1791289	Clade 2
SRR17914859	Clade 3
SRR17914860	Clade 3
SRR1792725	Unassigned
SRR17934375	Clade 3
SRR17936295	Clade 3
SRR17940335	Clade 3
SRR17957654	Clade 1B
SRR17960929	Clade 1B
SRR18013038	Clade 3
SRR18015747	Clade 2
SRR18017655	Clade 3
SRR18017690	Clade 3
SRR18018914	Clade 3
SRR18018929	Clade 2
SRR18018932	Clade 3
SRR18018970	Clade 3
SRR18018971	Clade 3
SRR18018974	Clade 1B
SRR18018989	Clade 1B
SRR1802918	Unassigned
SRR1802986	Unassigned
SRR1805601	Clade 2
SRR18099989	Clade 3
SRR18100141	Clade 3
SRR18115965	Clade 3
SRR18116002	Clade 3
SRR1812863	Clade 2
SRR18131274	Clade 3
SRR18134085	Clade 3
SRR18145556	Clade 3
SRR18163738	Clade 3
SRR18172399	Clade 3
SRR18208145	Clade 3
SRR18208216	Clade 3
SRR18208220	Clade 3
SRR18218777	Clade 3
SRR1823687	Clade 2
SRR1823704	Clade 1A
SRR18255638	Clade 3
SRR18255643	Clade 1B
SRR18260765	Clade 3
SRR18276452	Clade 3
SRR18288106	Clade 3
SRR1828967	Clade 1B
SRR1828972	Clade 1B
SRR18301968	Clade 3
SRR18313319	Clade 2
SRR18319676	Clade 3
SRR18327503	Clade 3
SRR18332222	Clade 3
SRR18337366	Clade 3
SRR18337551	Clade 3
SRR18396961	Clade 3
SRR18434335	Clade 3
SRR18435214	Clade 1B
SRR18458724	Clade 3
SRR18487365	Clade 3
SRR18487419	Clade 3
SRR1849400	Clade 2
SRR18503762	Clade 1B
SRR18539351	Clade 3
SRR18559772	Clade 3
SRR18573977	Clade 3
SRR18574475	Clade 3
SRR18575431	Clade 3
SRR18583996	Clade 1B
SRR18591816	Clade 3
SRR18592178	Clade 1B
SRR18603712	Clade 3
SRR18603788	Clade 3
SRR18688574	Clade 3
SRR18688575	Clade 3
SRR18714311	Clade 3
SRR18714312	Clade 1B
SRR18715720	Clade 1A
SRR18788815	Clade 3
SRR18791677	Clade 3
SRR18793633	Clade 1A
SRR18806942	Clade 1B
SRR18819297	Clade 1B
SRR18889067	Clade 1B
SRR18889269	Clade 1B
SRR18890309	Clade 3
SRR18890336	Clade 1B
SRR18890337	Clade 3
SRR18901320	Clade 3
SRR18909267	Clade 3
SRR18911863	Clade 1B
SRR18912038	Clade 3
SRR18914328	Clade 3
SRR18920047	Clade 3
SRR18936551	Clade 2
SRR18936555	Clade 3
SRR18936626	Clade 2
SRR18940124	Clade 3
SRR18940197	Clade 1B
SRR18940201	Clade 3
SRR18957553	Clade 3
SRR18959225	Clade 3
SRR18963260	Clade 3
SRR18964668	Clade 3
SRR18964866	Clade 3
SRR18965055	Clade 3
SRR19019193	Clade 3
SRR19038691	Clade 3
SRR19050355	Clade 1B
SRR19052797	Clade 3
SRR19053049	Clade 1B
SRR19086879	Unassigned
SRR19087015	Clade 3
SRR19109320	Clade 3
SRR19126677	Clade 3
SRR19128950	Clade 3
SRR19146846	Clade 3
SRR19154542	Clade 3
SRR19159075	Clade 3
SRR1916371	Clade 2
SRR19171791	Clade 3
SRR1917445	Unassigned
SRR1917494	Clade 1A
SRR19178781	Clade 3
SRR19180408	Clade 3
SRR1920228	Clade 1B
SRR19206142	Clade 3
SRR19207084	Clade 3
SRR19243279	Clade 3
SRR19243281	Clade 1B
SRR19243283	Clade 1B
SRR19277144	Clade 3
SRR19277149	Clade 3
SRR19317006	Clade 3
SRR1931734	Clade 1B
SRR19324913	Clade 3
SRR19332520	Clade 3
SRR19333288	Clade 3
SRR19334205	Clade 1B
SRR19344080	Clade 3
SRR19344129	Clade 3
SRR19362785	Clade 1B
SRR19373122	Clade 1B
SRR19379096	Clade 3
SRR19396263	Clade 3
SRR19417598	Clade 3
SRR19429174	Clade 3
SRR19430674	Clade 3
SRR19431928	Clade 2
SRR19431932	Clade 2
SRR1947031	Clade 2
SRR19505681	Clade 3
SRR19512905	Clade 3
SRR19512959	Clade 3
SRR19513011	Clade 1B
SRR19513039	Clade 3
SRR19513046	Clade 1B
SRR19513147	Clade 1B
SRR19513152	Clade 1B
SRR19513338	Clade 3
SRR19529129	Clade 3
SRR1952941	Clade 2
SRR19549280	Clade 1B
SRR19551339	Clade 1B
SRR19551565	Clade 3
SRR19551686	Clade 3
SRR19558997	Clade 3
SRR19571309	Clade 3
SRR19573417	Clade 3
SRR19573419	Clade 1B
SRR19595018	Clade 3
SRR19595381	Clade 3
SRR1960302	Clade 1A
SRR19616429	Clade 3
SRR19634869	Clade 1B
SRR19636004	Clade 3
SRR19663648	Clade 1B
SRR19664326	Clade 3
SRR19682622	Clade 3
SRR19697159	Clade 3
SRR1973776	Clade 2
SRR19768626	Clade 3
SRR19769863	Clade 3
SRR19769889	Clade 1B
SRR19775552	Clade 3
SRR19775561	Clade 3
SRR19782483	Unassigned
SRR19784296	Clade 2
SRR19784301	Clade 2
SRR19793321	Clade 1B
SRR19807578	Clade 3
SRR1982120	Clade 1A
SRR1982184	Clade 1B
SRR19845601	Clade 3
SRR19847020	Clade 3
SRR19847237	Clade 2
SRR19865981	Clade 3
SRR19867851	Clade 3
SRR19868749	Clade 3
SRR19869765	Clade 3
SRR19869800	Clade 2
SRR19882018	Clade 3
SRR1988494	Clade 1B
SRR19886669	Clade 3
SRR19887035	Clade 3
SRR19887055	Clade 3
SRR19887060	Clade 1B
SRR19888361	Clade 3
SRR19908913	Clade 3
SRR19910646	Clade 3
SRR19913123	Clade 3
SRR19928425	Clade 3
SRR19928717	Clade 3
SRR1996185	Clade 1A
SRR19978291	Clade 3
SRR19981166	Clade 3
SRR19981168	Clade 3
SRR19984314	Clade 3
SRR19984316	Clade 3
SRR19984318	Clade 3
SRR19984998	Clade 3
SRR19986844	Clade 3
SRR1998943	Clade 1A
SRR19993699	Clade 3
SRR19993707	Clade 3
SRR19995519	Clade 3
SRR19995524	Clade 3
SRR19997630	Clade 3
SRR20018029	Clade 3
SRR20026323	Clade 3
SRR20026324	Clade 3
SRR20026923	Clade 3
SRR2002724	Clade 1A
SRR20078532	Clade 3
SRR20080213	Clade 1B
SRR20083833	Clade 1B
SRR20096770	Clade 3
SRR20096775	Clade 3
SRR20096777	Clade 1B
SRR20096778	Clade 1B
SRR20106202	Clade 1B
SRR20106660	Clade 3
SRR20114918	Unassigned
SRR2015075	Clade 1B
SRR2015080	Clade 2
SRR2015083	Clade 2
SRR2015085	Clade 2
SRR20166673	Clade 3
SRR20177985	Clade 3
SRR2025325	Clade 1B
SRR20282999	Clade 3
SRR20283011	Clade 3
SRR20283137	Clade 3
SRR20293854	Clade 3
SRR20324972	Clade 1B
SRR20324973	Clade 3
SRR20336718	Clade 3
SRR20351731	Clade 3
SRR2035441	Clade 1B
SRR2035443	Clade 1B
SRR2035447	Clade 1A
SRR20429644	Clade 3
SRR20446798	Clade 3
SRR20446801	Clade 3
SRR20446807	Clade 3
SRR2046761	Clade 1B
SRR2051445	Clade 1B
SRR2056003	Clade 2
SRR20620080	Clade 3
SRR20631605	Clade 3
SRR20633783	Clade 1B
SRR20633888	Clade 3
SRR20633907	Clade 3
SRR20634149	Clade 1B
SRR20634150	Clade 3
SRR20635018	Clade 3
SRR20649104	Clade 3
SRR20649357	Clade 2
SRR20696475	Clade 1B
SRR20696478	Clade 3
SRR20698883	Clade 1B
SRR2070984	Clade 2
SRR20710137	Clade 3
SRR2072483	Clade 1B
SRR20748806	Clade 1B
SRR20749072	Clade 3
SRR20749158	Clade 1A
SRR20749370	Clade 1A
SRR20749538	Clade 3
SRR2078917	Clade 3
SRR2082933	Clade 1B
SRR2082940	Clade 2
SRR20834521	Clade 3
SRR20834524	Clade 3
SRR20849497	Clade 3
SRR20862126	Clade 3
SRR2086559	Clade 1A
SRR2086576	Unassigned
SRR2086597	Clade 1B
SRR2088728	Clade 2
SRR2088729	Clade 2
SRR2088730	Clade 2
SRR2096550	Clade 2
SRR2096607	Clade 2
SRR20966191	Clade 1A
SRR20966723	Clade 3
SRR20983582	Clade 1B
SRR20983584	Clade 1B
SRR20986700	Clade 3
SRR20994442	Clade 3
SRR20994444	Clade 3
SRR20995062	Clade 3
SRR21007699	Clade 3
SRR21007833	Clade 3
SRR2102455	Unassigned
SRR2102482	Unassigned
SRR21026063	Clade 3
SRR21026221	Clade 3
SRR21068980	Clade 3
SRR21089991	Clade 3
SRR21091464	Clade 3
SRR21091504	Clade 3
SRR21131587	Clade 3
SRR21138506	Clade 3
SRR21141193	Clade 1B
SRR21143108	Clade 1B
SRR21160206	Clade 3
SRR21160782	Clade 1A
SRR21160783	Clade 1A
SRR21161394	Clade 1A
SRR21165739	Clade 3
SRR21177845	Clade 3
SRR21193848	Clade 3
SRR21203578	Clade 3
SRR21204241	Clade 3
SRR21205841	Clade 3
SRR21209892	Clade 3
SRR21210146	Clade 3
SRR21224017	Clade 3
SRR21226569	Clade 3
SRR21226765	Clade 1B
SRR21226766	Clade 1B
SRR21227443	Clade 1B
SRR21227451	Clade 1B
SRR21228686	Clade 3
SRR2124315	Clade 2
SRR2124539	Clade 1A
SRR2125617	Clade 2
SRR2125685	Clade 1B
SRR2126731	Clade 2
SRR21294671	Clade 3
SRR21346160	Clade 1A
SRR21350440	Clade 3
SRR21376932	Clade 3
SRR21380928	Clade 3
SRR21383226	Clade 3
SRR21387372	Clade 3
SRR21387379	Clade 3
SRR21388614	Clade 3
SRR21389218	Clade 3
SRR21403178	Clade 1B
SRR21403206	Clade 1B
SRR21403237	Clade 3
SRR21403260	Clade 3
SRR21403271	Clade 3
SRR2140779	Clade 2
SRR2143359	Clade 2
SRR2143417	Clade 2
SRR21440796	Clade 3
SRR21440797	Clade 3
SRR21440832	Clade 3
SRR21449933	Clade 3
SRR21449948	Clade 1B
SRR21462182	Clade 3
SRR21462329	Clade 3
SRR21462336	Clade 3
SRR21462487	Clade 3
SRR21464286	Clade 3
SRR21486528	Clade 3
SRR2153016	Clade 2
SRR2153208	Clade 1B
SRR21532783	Clade 3
SRR21533470	Clade 3
SRR21534602	Clade 3
SRR21535214	Clade 3
SRR21543818	Clade 3
SRR21545374	Clade 1B
SRR21545635	Clade 1B
SRR21559878	Clade 3
SRR21559882	Clade 3
SRR2156601	Clade 2
SRR2156630	Clade 2
SRR21566353	Clade 1A
SRR21578112	Clade 3
SRR21582706	Clade 3
SRR21587722	Clade 3
SRR21594376	Clade 3
SRR21598131	Clade 3
SRR21622629	Clade 1B
SRR21626816	Clade 1B
SRR21628926	Clade 1B
SRR21629077	Clade 1B
SRR2163248	Clade 2
SRR2163249	Clade 2
SRR21639875	Clade 1B
SRR21639877	Clade 3
SRR21639881	Clade 1B
SRR21640779	Clade 3
SRR21640913	Clade 2
SRR21640926	Clade 2
SRR21640941	Clade 3
SRR21641064	Clade 3
SRR21641082	Clade 1B
SRR21649368	Clade 3
SRR21675547	Clade 3
SRR21675590	Clade 3
SRR21684150	Clade 3
SRR21685271	Clade 3
SRR21685278	Clade 3
SRR21708456	Clade 3
SRR21711132	Clade 3
SRR21714153	Clade 3
SRR21714658	Clade 3
SRR21729500	Clade 3
SRR21736138	Clade 3
SRR21736274	Clade 3
SRR21737186	Clade 3
SRR21741303	Clade 1A
SRR21743225	Clade 3
SRR21743297	Clade 3
SRR21743308	Clade 3
SRR21770834	Clade 3
SRR21785072	Clade 3
SRR21786245	Clade 1B
SRR21802812	Clade 1B
SRR21814076	Clade 3
SRR21815294	Clade 3
SRR21815324	Clade 3
SRR2182887	Clade 1B
SRR2182888	Clade 1B
SRR21830703	Clade 1B
SRR21838098	Clade 3
SRR21838644	Clade 3
SRR21838963	Clade 3
SRR21839070	Clade 3
SRR21839770	Clade 3
SRR21863577	Clade 1B
SRR21871946	Clade 3
SRR21871947	Clade 3
SRR21874850	Clade 3
SRR21883642	Clade 1A
SRR21895698	Clade 3
SRR21898517	Clade 3
SRR21909386	Clade 3
SRR21912433	Clade 1A
SRR2192122	Clade 1B
SRR2192126	Clade 1B
SRR2192128	Clade 2
SRR2192133	Clade 2
SRR2192176	Clade 1B
SRR2192179	Clade 1B
SRR2192184	Clade 2
SRR2192189	Clade 2
SRR2192190	Clade 2
SRR2192194	Clade 2
SRR21930386	Clade 3
SRR21930460	Clade 3
SRR21937900	Clade 3
SRR2193907	Clade 2
SRR2194018	Clade 1B
SRR2194022	Clade 1B
SRR2194029	Clade 2
SRR21944040	Clade 3
SRR2194499	Clade 1A
SRR2194500	Clade 2
SRR21974987	Clade 3
SRR21975907	Clade 3
SRR21976488	Clade 3
SRR21981000	Clade 3
SRR22006477	Clade 3
SRR22006509	Clade 1B
SRR22006666	Clade 3
SRR22007477	Clade 3
SRR22030096	Clade 2
SRR22032762	Clade 1B
SRR22033551	Clade 3
SRR22034697	Clade 3
SRR22038199	Clade 3
SRR22038619	Clade 3
SRR22070769	Clade 3
SRR22084688	Clade 3
SRR22084693	Clade 3
SRR22084713	Clade 3
SRR22090264	Clade 3
SRR22096885	Clade 3
SRR22108324	Clade 3
SRR22110858	Clade 3
SRR22118907	Clade 3
SRR22139718	Clade 3
SRR22139727	Clade 3
SRR22139731	Clade 3
SRR22142461	Clade 3
SRR22142462	Clade 3
SRR22179576	Clade 3
SRR22179784	Clade 3
SRR22189941	Clade 3
SRR22195385	Clade 1B
SRR22196003	Clade 3
SRR22196018	Clade 3
SRR22197076	Clade 3
SRR22219041	Clade 3
SRR22230161	Clade 3
SRR22230256	Clade 2
SRR22230278	Clade 3
SRR22247555	Clade 1A
SRR22247573	Clade 3
SRR22256996	Clade 1A
SRR22275818	Clade 3
SRR22282666	Clade 3
SRR22285555	Clade 3
SRR22297774	Clade 3
SRR22302889	Clade 3
SRR22306527	Clade 3
SRR22316377	Clade 3
SRR22317961	Clade 3
SRR22317984	Clade 3
SRR22325113	Clade 3
SRR22341767	Clade 3
SRR22342017	Clade 3
SRR22361261	Clade 3
SRR22366363	Clade 3
SRR2239752	Clade 2
SRR22398395	Clade 1B
SRR22408858	Clade 3
SRR22427627	Clade 3
SRR22447561	Clade 3
SRR22512166	Clade 3
SRR22534774	Clade 3
SRR22535432	Clade 3
SRR22535697	Clade 3
SRR22535742	Clade 3
SRR22535757	Clade 3
SRR22535935	Clade 3
SRR22535940	Clade 3
SRR22535963	Clade 3
SRR22547473	Clade 3
SRR22547476	Clade 3
SRR22547478	Clade 3
SRR22547482	Clade 3
SRR22548325	Clade 3
SRR22548463	Clade 3
SRR22548809	Clade 3
SRR22548880	Clade 3
SRR22557976	Clade 3
SRR22565542	Clade 3
SRR22565599	Clade 3
SRR22566514	Clade 3
SRR22578316	Clade 3
SRR22578327	Clade 3
SRR22578329	Clade 3
SRR22585331	Clade 3
SRR22689378	Clade 3
SRR22696415	Clade 3
SRR22734955	Clade 3
SRR22734956	Clade 1B
SRR22753197	Clade 3
SRR22753203	Clade 2
SRR22753206	Clade 1B
SRR22809576	Clade 3
SRR22810407	Clade 3
SRR22817851	Clade 3
SRR22828387	Clade 3
SRR22828389	Clade 3
SRR22828397	Clade 3
SRR22829310	Clade 3
SRR22829345	Clade 3
SRR22854079	Clade 3
SRR22854111	Clade 3
SRR22854117	Clade 1B
SRR22868041	Clade 3
SRR22868472	Clade 3
SRR22875169	Clade 3
SRR22879951	Clade 3
SRR22880090	Clade 3
SRR22892261	Clade 3
SRR22892278	Clade 3
SRR22895682	Clade 1B
SRR22897514	Clade 3
SRR22901494	Clade 3
SRR22906522	Clade 3
SRR22906524	Clade 1B
SRR22907682	Clade 3
SRR22907686	Clade 3
SRR22907712	Clade 3
SRR22908539	Clade 3
SRR22938636	Clade 3
SRR22938834	Clade 3
SRR22956229	Clade 3
SRR22959565	Clade 1B
SRR22959566	Clade 3
SRR22998456	Clade 3
SRR22998467	Clade 3
SRR22998474	Clade 3
SRR23000239	Clade 3
SRR23000254	Clade 3
SRR23030266	Clade 3
SRR23035162	Clade 3
SRR23053338	Clade 3
SRR23054308	Clade 3
SRR23068153	Clade 1B
SRR23071489	Clade 3
SRR23078798	Clade 3
SRR23097976	Clade 3
SRR23108982	Clade 3
SRR23109681	Clade 3
SRR23109709	Clade 3
SRR23112543	Clade 3
SRR23148811	Clade 2
SRR23148815	Clade 2
SRR23205440	Clade 3
SRR23255819	Clade 3
SRR23263067	Clade 3
SRR23263071	Clade 3
SRR23332070	Clade 3
SRR23375233	Clade 3
SRR23384978	Clade 3
SRR23388155	Clade 3
SRR23517557	Clade 3
SRR23612641	Clade 3
SRR23631361	Clade 3
SRR23631377	Clade 3
SRR23696645	Unassigned
SRR23697621	Clade 3
SRR23702682	Clade 3
SRR23702708	Clade 3
SRR23802448	Clade 3
SRR23839434	Clade 3
SRR23906014	Clade 3
SRR23907494	Clade 3
SRR23907565	Clade 3
SRR23928810	Clade 3
SRR2396594	Clade 2
SRR2407624	Clade 2
SRR2407628	Clade 2
SRR2407698	Clade 2
SRR2407732	Clade 2
SRR24112687	Clade 3
SRR24178948	Clade 2
SRR24318106	Clade 3
SRR24376230	Clade 3
SRR24507617	Clade 3
SRR24525807	Clade 3
SRR24526042	Clade 3
SRR24627319	Clade 3
SRR24709750	Clade 3
SRR24796106	Clade 2
SRR24828958	Clade 3
SRR2482980	Clade 2
SRR2482982	Clade 2
SRR24871506	Clade 3
SRR24877828	Clade 3
SRR24878776	Clade 3
SRR24907212	Clade 3
SRR24978207	Clade 3
SRR25022074	Clade 3
SRR25248629	Clade 3
SRR25248973	Clade 3
SRR25304769	Clade 3
SRR2532635	Clade 2
SRR2532717	Clade 2
SRR2533161	Clade 2
SRR2533352	Clade 1A
SRR2533494	Clade 1A
SRR2533498	Clade 1B
SRR2533512	Clade 2
SRR2533513	Clade 2
SRR2534124	Clade 1B
SRR25382802	Clade 3
SRR25458985	Clade 3
SRR25525336	Clade 2
SRR25526215	Clade 3
SRR25548340	Clade 2
SRR25550029	Clade 2
SRR2559366	Clade 1B
SRR2559367	Clade 2
SRR25649726	Clade 3
SRR25727937	Clade 3
SRR25747844	Clade 3
SRR25760742	Clade 3
SRR25788081	Clade 3
SRR25805093	Clade 3
SRR25805099	Clade 3
SRR25805102	Clade 2
SRR25806242	Clade 3
SRR25806243	Clade 1B
SRR25806248	Clade 2
SRR25807253	Clade 3
SRR25807255	Clade 2
SRR25807264	Clade 1A
SRR25807265	Clade 2
SRR25807266	Clade 1A
SRR25807267	Clade 3
SRR25807268	Clade 2
SRR25807273	Clade 3
SRR25807276	Clade 3
SRR25807278	Clade 3
SRR25808371	Clade 3
SRR25808372	Clade 3
SRR25808375	Clade 3
SRR25808392	Clade 3
SRR25808393	Clade 2
SRR25817568	Clade 3
SRR25825567	Clade 3
SRR25825569	Clade 3
SRR25825571	Clade 2
SRR25825574	Clade 3
SRR25825589	Clade 2
SRR25825624	Clade 3
SRR25825645	Clade 2
SRR25832902	Clade 3
SRR25832903	Clade 3
SRR25832904	Clade 3
SRR25833075	Clade 2
SRR25833296	Clade 3
SRR25835390	Clade 3
SRR2584998	Clade 2
SRR2585504	Clade 1A
SRR2586123	Clade 1A
SRR2586132	Clade 2
SRR25867766	Clade 3
SRR25867780	Clade 3
SRR25945657	Clade 3
SRR26069857	Clade 3
SRR26094314	Clade 3
SRR26167271	Clade 3
SRR26175966	Clade 3
SRR26208838	Clade 3
SRR26258763	Clade 3
SRR26328853	Clade 3
SRR26338334	Clade 3
SRR26363897	Clade 3
SRR26383251	Clade 3
SRR26411279	Clade 3
SRR26444610	Clade 3
SRR26445878	Clade 3
SRR26453397	Clade 3
SRR26454894	Clade 3
SRR26514042	Clade 3
SRR26533750	Clade 3
SRR26587831	Clade 3
SRR26642100	Clade 3
SRR26642101	Clade 3
SRR26668851	Clade 3
SRR26668852	Clade 3
SRR2670705	Clade 2
SRR2671587	Clade 2
SRR26726059	Clade 3
SRR26779466	Clade 3
SRR26806552	Clade 3
SRR26807353	Clade 3
SRR26807361	Clade 3
SRR26807378	Clade 3
SRR26807439	Clade 3
SRR26837087	Clade 3
SRR26856380	Clade 3
SRR26856382	Clade 3
SRR26892948	Clade 3
SRR26902352	Clade 3
SRR26912492	Clade 3
SRR26913603	Clade 3
SRR26913903	Clade 3
SRR26943052	Clade 2
SRR26972214	Clade 3
SRR26995600	Clade 3
SRR26995602	Clade 3
SRR27010908	Clade 3
SRR27012748	Clade 3
SRR27045307	Clade 3
SRR27206652	Clade 3
SRR27206972	Clade 3
SRR27262271	Clade 3
SRR27283883	Clade 3
SRR27311811	Clade 3
SRR27311815	Clade 3
SRR27326247	Clade 3
SRR27338723	Clade 3
SRR27479786	Clade 3
SRR27561762	Clade 3
SRR2778072	Clade 2
SRR27874706	Clade 3
SRR28199666	Clade 3
SRR28896927	Clade 3
SRR28989072	Clade 3
SRR28989077	Clade 1B
SRR2906166	Clade 2
SRR2911784	Clade 2
SRR2912653	Clade 2
SRR29128565	Clade 2
SRR29128567	Clade 2
SRR29128628	Clade 3
SRR29128633	Clade 3
SRR29128636	Clade 2
SRR29128639	Clade 2
SRR29128643	Clade 3
SRR2914508	Clade 1B
SRR2917148	Clade 1B
SRR2925647	Clade 2
SRR2939521	Clade 2
SRR29660998	Clade 3
SRR29693078	Clade 3
SRR2969503	Clade 2
SRR2970898	Clade 2
SRR2976017	Clade 1B
SRR2993266	Clade 2
SRR2993267	Clade 1A
SRR2993268	Clade 1B
SRR3002502	Unassigned
SRR30059155	Clade 3
SRR3027080	Clade 1A
SRR3053228	Clade 2
SRR3086928	Clade 1B
SRR30877381	Clade 3
SRR3089999	Clade 2
SRR3099648	Clade 2
SRR3103842	Clade 1B
SRR3110337	Clade 1B
SRR3110499	Clade 1B
SRR3110500	Clade 1B
SRR3131112	Clade 1A
SRR3137081	Clade 1B
SRR3137085	Clade 1B
SRR3137222	Clade 1A
SRR3137523	Clade 1B
SRR3151855	Clade 1B
SRR31538256	Clade 3
SRR3156749	Clade 1A
SRR31631888	Clade 3
SRR31682103	Clade 3
SRR3173543	Unassigned
SRR3173544	Clade 1B
SRR3173546	Clade 1B
SRR3173547	Clade 1B
SRR3182267	Unassigned
SRR3184147	Clade 1B
SRR3184187	Clade 2
SRR3184189	Clade 2
SRR31855609	Clade 3
SRR3188272	Clade 1A
SRR3191589	Unassigned
SRR3194564	Clade 2
SRR3194572	Clade 2
SRR3198633	Clade 1B
SRR3204206	Clade 2
SRR3204208	Clade 2
SRR3204209	Clade 2
SRR3204215	Clade 2
SRR3204216	Clade 2
SRR3210395	Clade 1B
SRR3210452	Clade 2
SRR3210544	Clade 2
SRR3210546	Clade 2
SRR3214193	Clade 2
SRR3217344	Clade 2
SRR3217346	Clade 1B
SRR3217348	Clade 1B
SRR3217352	Clade 1B
SRR3219137	Clade 2
SRR3219139	Clade 2
SRR3223809	Clade 1B
SRR3223814	Clade 1B
SRR32298977	Clade 3
SRR3242191	Clade 1B
SRR32518090	Clade 3
SRR3271878	Clade 1B
SRR3271927	Clade 2
SRR3271928	Clade 2
SRR3271929	Clade 2
SRR32833640	Clade 3
SRR3289843	Clade 1B
SRR32900702	Clade 3
SRR3295565	Clade 2
SRR3306268	Clade 1B
SRR3306271	Unassigned
SRR3323117	Clade 2
SRR3330233	Clade 1B
SRR3330234	Clade 1B
SRR3330235	Clade 1B
SRR33479012	Clade 3
SRR3372227	Clade 1B
SRR3372229	Clade 1B
SRR3379323	Clade 2
SRR3379326	Unassigned
SRR3383819	Clade 2
SRR3383901	Clade 1B
SRR3392801	Clade 2
SRR3392802	Clade 2
SRR3393569	Clade 1B
SRR3400299	Clade 1B
SRR3402072	Clade 2
SRR34027494	Clade 3
SRR34027579	Clade 3
SRR34027596	Clade 3
SRR34027656	Clade 3
SRR34027657	Clade 3
SRR34027886	Clade 3
SRR34027912	Clade 3
SRR34028163	Clade 3
SRR34028229	Clade 3
SRR34028302	Clade 3
SRR34028433	Clade 3
SRR34028674	Clade 3
SRR3405707	Unassigned
SRR3405761	Clade 1B
SRR3405766	Clade 1B
SRR3405858	Clade 2
SRR3405950	Clade 1B
SRR34353988	Clade 2
SRR34396264	Clade 1A
SRR34403141	Clade 3
SRR34403813	Clade 1B
SRR34427709	Clade 1B
SRR34427899	Clade 2
SRR34428065	Clade 2
SRR34428070	Clade 1B
SRR34428983	Clade 1B
SRR34428987	Clade 2
SRR34428991	Clade 1B
SRR34429652	Clade 2
SRR34429781	Clade 2
SRR34430136	Clade 2
SRR34440876	Clade 2
SRR34441106	Clade 2
SRR34441182	Clade 2
SRR34445901	Clade 2
SRR34446438	Clade 1A
SRR34447516	Clade 2
SRR34447598	Clade 1B
SRR34471161	Unassigned
SRR34478485	Clade 1B
SRR34479666	Clade 1B
SRR34482332	Clade 1A
SRR34518386	Clade 1B
SRR34519094	Clade 2
SRR34521926	Clade 2
SRR34525886	Clade 2
SRR34525924	Clade 2
SRR34525933	Clade 1B
SRR34526940	Clade 1B
SRR34529010	Clade 2
SRR34529028	Clade 2
SRR34538206	Clade 1B
SRR34538211	Clade 3
SRR34539264	Clade 2
SRR34539498	Clade 1B
SRR34555193	Clade 3
SRR34565517	Clade 1B
SRR34566260	Clade 2
SRR34566261	Clade 3
SRR3457704	Clade 3
SRR3457709	Unassigned
SRR34656956	Clade 2
SRR34661398	Clade 1B
SRR34661404	Clade 2
SRR34662565	Clade 2
SRR34693356	Clade 2
SRR34693588	Clade 3
SRR34694593	Clade 1A
SRR34694596	Clade 1B
SRR34733805	Clade 2
SRR3473898	Clade 1B
SRR34739007	Clade 3
SRR3479657	Clade 1B
SRR34858673	Clade 1B
SRR34886426	Clade 2
SRR3490021	Clade 1B
SRR34910443	Clade 3
SRR3499733	Clade 2
SRR3499744	Clade 1B
SRR3499768	Clade 2
SRR3499779	Clade 1B
SRR3499781	Clade 2
SRR3499782	Clade 2
SRR3499783	Clade 1B
SRR3499785	Clade 1B
SRR3503030	Clade 2
SRR35075595	Clade 3
SRR3509874	Clade 2
SRR3509882	Clade 2
SRR3509889	Clade 2
SRR3509909	Clade 2
SRR3509910	Clade 1B
SRR3509919	Clade 1B
SRR3547958	Clade 2
SRR3547960	Clade 2
SRR3571280	Clade 1A
SRR3571300	Clade 1B
SRR3571305	Clade 1A
SRR3571311	Clade 2
SRR3572456	Clade 1B
SRR3572568	Clade 2
SRR3572570	Clade 2
SRR3572571	Clade 2
SRR3573595	Clade 2
SRR3606699	Clade 2
SRR36114450	Clade 3
SRR3618595	Clade 2
SRR36380616	Clade 3
SRR3641776	Clade 2
SRR3641789	Clade 2
SRR3641790	Clade 2
SRR3641791	Clade 2
SRR3647311	Unassigned
SRR3659471	Clade 2
SRR3659473	Clade 2
SRR3659834	Clade 2
SRR3660150	Clade 2
SRR3664608	Clade 2
SRR3664612	Clade 2
SRR3664673	Clade 2
SRR3664746	Clade 2
SRR3664927	Clade 2
SRR3665067	Clade 2
SRR3665068	Clade 2
SRR3665197	Clade 2
SRR3665255	Clade 2
SRR3665300	Clade 2
SRR3667097	Clade 2
SRR3667851	Clade 2
SRR3667858	Clade 2
SRR3667901	Clade 2
SRR3696018	Clade 2
SRR3696034	Clade 1B
SRR3707421	Clade 2
SRR3713626	Clade 1B
SRR3713627	Clade 1B
SRR3721547	Clade 1A
SRR3732286	Clade 1A
SRR3740193	Clade 2
SRR3743171	Clade 2
SRR3743172	Clade 1A
SRR3743930	Clade 1B
SRR3743964	Clade 2
SRR3824038	Clade 2
SRR3898621	Clade 1A
SRR3928752	Clade 1B
SRR3930224	Clade 1A
SRR3930226	Clade 1A
SRR3930233	Clade 1B
SRR3930236	Clade 1B
SRR3930384	Clade 1B
SRR3930385	Clade 1A
SRR3930387	Clade 1B
SRR3930399	Clade 2
SRR3933065	Clade 2
SRR3933093	Clade 2
SRR3933133	Clade 1A
SRR3933137	Unassigned
SRR3933151	Clade 2
SRR3933654	Unassigned
SRR3938678	Clade 1A
SRR3948447	Clade 2
SRR3948504	Clade 2
SRR3953436	Clade 2
SRR3978329	Clade 2
SRR3979112	Unassigned
SRR3990984	Clade 1B
SRR3990991	Clade 2
SRR3996861	Clade 2
SRR4000013	Clade 1A
SRR4011134	Clade 2
SRR4014397	Clade 2
SRR4032969	Clade 1B
SRR4032973	Clade 1A
SRR4040134	Clade 1B
SRR4044607	Clade 1B
SRR4044669	Clade 1B
SRR4046985	Unassigned
SRR4048576	Clade 1B
SRR4069543	Clade 2
SRR4069571	Clade 2
SRR4099288	Clade 2
SRR4100163	Clade 2
SRR4101362	Clade 1B
SRR4119769	Unassigned
SRR4119770	Unassigned
SRR4119771	Unassigned
SRR4176769	Clade 2
SRR4273713	Clade 1B
SRR4279932	Unassigned
SRR4281715	Clade 2
SRR4292007	Clade 2
SRR4292618	Clade 2
SRR4295039	Clade 1B
SRR4295040	Clade 1B
SRR4297048	Clade 1B
SRR4297073	Unassigned
SRR4298890	Unassigned
SRR4342943	Clade 2
SRR4342979	Clade 2
SRR4414073	Clade 2
SRR4414125	Clade 1B
SRR4414126	Clade 1B
SRR4414127	Clade 1B
SRR4414128	Clade 1B
SRR4415993	Clade 1B
SRR4416099	Clade 2
SRR4418399	Clade 1A
SRR4420838	Clade 1B
SRR4420842	Clade 1A
SRR4420902	Clade 1B
SRR4420944	Clade 1A
SRR4429352	Unassigned
SRR4432487	Clade 1B
SRR4432488	Clade 1B
SRR4434233	Clade 2
SRR4434266	Clade 2
SRR4446481	Clade 1A
SRR4446482	Clade 1A
SRR4841731	Clade 1B
SRR5010528	Clade 2
SRR5016971	Unassigned
SRR5019766	Clade 2
SRR5019844	Clade 2
SRR5023169	Clade 1B
SRR5023268	Clade 2
SRR5031298	Unassigned
SRR5031894	Clade 2
SRR5044087	Clade 1B
SRR5045040	Clade 2
SRR5045372	Clade 2
SRR5045374	Clade 2
SRR5057228	Clade 1B
SRR5057230	Clade 1B
SRR5057231	Clade 1B
SRR5057232	Clade 1B
SRR5057305	Clade 3
SRR5057845	Clade 2
SRR5060631	Clade 1B
SRR5066047	Clade 1B
SRR5075651	Clade 2
SRR5077943	Clade 2
SRR5077996	Clade 2
SRR5079925	Clade 2
SRR5079999	Clade 2
SRR5081445	Clade 2
SRR5081470	Clade 2
SRR5081515	Clade 2
SRR5100703	Clade 2
SRR5100713	Clade 2
SRR5105390	Clade 1A
SRR5105403	Clade 1B
SRR5105540	Unassigned
SRR5105541	Unassigned
SRR5105641	Clade 2
SRR5110096	Clade 2
SRR5110548	Clade 1A
SRR5110601	Clade 1B
SRR5110830	Clade 3
SRR5116937	Clade 2
SRR5117053	Clade 1A
SRR5121467	Clade 2
SRR5125692	Clade 2
SRR5125754	Clade 2
SRR5130042	Clade 2
SRR5132772	Clade 2
SRR5132812	Clade 2
SRR5133929	Clade 2
SRR5133940	Clade 2
SRR5139122	Clade 2
SRR5139125	Clade 2
SRR5139131	Clade 2
SRR5139132	Clade 2
SRR5139138	Clade 2
SRR5139188	Clade 2
SRR5144275	Clade 2
SRR5145209	Clade 1B
SRR5152116	Clade 1B
SRR5152277	Clade 2
SRR5159830	Clade 1B
SRR5163797	Clade 1A
SRR5163798	Unassigned
SRR5173495	Clade 2
SRR5176622	Clade 2
SRR5182244	Clade 1A
SRR5182245	Clade 2
SRR5182250	Clade 2
SRR5182255	Clade 2
SRR5182257	Unassigned
SRR5182258	Clade 2
SRR5182262	Clade 2
SRR5184149	Clade 1B
SRR5184214	Clade 2
SRR5184217	Clade 2
SRR5184232	Unassigned
SRR5188670	Clade 1A
SRR5188713	Clade 1A
SRR5188718	Clade 2
SRR5188759	Clade 2
SRR5188762	Clade 1B
SRR5188909	Clade 1B
SRR5189044	Clade 1A
SRR5195406	Clade 2
SRR5195818	Clade 2
SRR5195886	Clade 2
SRR5196065	Clade 2
SRR5196069	Clade 2
SRR5197515	Clade 1B
SRR5201000	Clade 2
SRR5201059	Clade 2
SRR5201337	Clade 1B
SRR5201344	Clade 2
SRR5201482	Clade 2
SRR5202821	Clade 2
SRR5204769	Clade 2
SRR5204823	Clade 2
SRR5217596	Clade 2
SRR5217597	Clade 2
SRR5217665	Clade 2
SRR5217702	Clade 2
SRR5217709	Clade 2
SRR5217755	Clade 1B
SRR5221419	Clade 1A
SRR5221420	Unassigned
SRR5221430	Clade 2
SRR5221440	Clade 1B
SRR5221474	Clade 1B
SRR5221486	Clade 1B
SRR5224179	Clade 2
SRR5224193	Clade 2
SRR5224310	Clade 2
SRR5229124	Unassigned
SRR5229541	Clade 2
SRR5235499	Clade 2
SRR5235505	Clade 2
SRR5235506	Clade 2
SRR5235729	Clade 2
SRR5237983	Clade 1B
SRR5238138	Clade 2
SRR5238179	Unassigned
SRR5238196	Clade 2
SRR5242738	Clade 1B
SRR5244578	Clade 2
SRR5244580	Clade 2
SRR5249688	Clade 1B
SRR5253535	Clade 1B
SRR5253543	Clade 1B
SRR5271449	Clade 2
SRR5278766	Unassigned
SRR5292205	Clade 2
SRR5292387	Clade 2
SRR5297360	Clade 2
SRR5329404	Clade 2
SRR5340059	Clade 2
SRR5340078	Clade 2
SRR5341556	Unassigned
SRR5345308	Clade 2
SRR5345356	Clade 2
SRR5345429	Clade 2
SRR5349180	Clade 2
SRR5360716	Clade 1B
SRR5360741	Clade 3
SRR5360750	Clade 1B
SRR5360962	Clade 2
SRR5361081	Clade 1B
SRR5361137	Clade 1A
SRR5361153	Clade 2
SRR5361190	Clade 1B
SRR5364202	Unassigned
SRR5364203	Clade 1A
SRR5364204	Clade 2
SRR5364219	Clade 2
SRR5364236	Clade 1B
SRR5365214	Clade 2
SRR5366585	Clade 2
SRR5376288	Clade 2
SRR5380888	Clade 1B
SRR5380924	Clade 1B
SRR5380963	Clade 1B
SRR5380984	Clade 1B
SRR5380991	Clade 1A
SRR5380995	Clade 1B
SRR5381003	Clade 1B
SRR5382668	Clade 1B
SRR5382700	Clade 2
SRR5382702	Clade 1B
SRR5382709	Clade 2
SRR5382728	Clade 1B
SRR5387069	Clade 1B
SRR5387077	Clade 1B
SRR5387078	Clade 1B
SRR5387097	Clade 1B
SRR5387128	Clade 2
SRR5387527	Unassigned
SRR5388859	Clade 2
SRR5408915	Clade 2
SRR5408940	Clade 1B
SRR5408955	Clade 1B
SRR5408985	Clade 1B
SRR5413679	Clade 1B
SRR5413690	Clade 1B
SRR5413705	Clade 2
SRR5429770	Clade 2
SRR5429817	Clade 1A
SRR5429818	Clade 1B
SRR5429820	Clade 1B
SRR5438387	Clade 1B
SRR5438430	Clade 1B
SRR5438437	Clade 1B
SRR5440659	Clade 1B
SRR5441560	Clade 2
SRR5441713	Clade 2
SRR5441852	Clade 2
SRR5443563	Clade 2
SRR5443743	Clade 2
SRR5448531	Clade 2
SRR5448613	Clade 2
SRR5452219	Clade 1A
SRR5454391	Clade 1B
SRR5454393	Clade 1B
SRR5454565	Clade 2
SRR5459656	Clade 2
SRR5459670	Clade 1B
SRR5459671	Clade 1A
SRR5459689	Clade 1B
SRR5459762	Clade 1A
SRR5471035	Clade 2
SRR5471078	Clade 2
SRR5471245	Clade 2
SRR5486041	Clade 2
SRR5486127	Clade 2
SRR5486136	Clade 2
SRR5486733	Clade 1B
SRR5495987	Clade 2
SRR5496985	Clade 2
SRR5498185	Clade 2
SRR5499359	Clade 2
SRR5501000	Clade 1B
SRR5501046	Clade 1B
SRR5501071	Clade 1B
SRR5501089	Clade 2
SRR5501090	Clade 2
SRR5508378	Clade 1B
SRR5514439	Clade 2
SRR5516296	Clade 2
SRR5576042	Clade 2
SRR5576046	Clade 2
SRR5576105	Clade 2
SRR5576106	Clade 2
SRR5576524	Clade 1A
SRR5576548	Clade 1B
SRR5576588	Clade 2
SRR5576598	Clade 1B
SRR5576609	Clade 1B
SRR5578720	Clade 1B
SRR5582005	Clade 2
SRR5582075	Clade 2
SRR5583814	Clade 2
SRR5583900	Clade 1B
SRR5583926	Clade 1B
SRR5583930	Clade 1B
SRR5583952	Clade 2
SRR5583968	Unassigned
SRR5584008	Clade 1B
SRR5584499	Clade 2
SRR5584695	Clade 1B
SRR5584705	Clade 1B
SRR5584739	Clade 2
SRR5584768	Clade 1B
SRR5584863	Clade 1B
SRR5585025	Clade 1B
SRR5585203	Clade 1B
SRR5585219	Clade 1B
SRR5586333	Clade 1B
SRR5588096	Clade 1A
SRR5588584	Clade 1B
SRR5589763	Clade 2
SRR5589783	Clade 2
SRR5590193	Clade 1B
SRR5590231	Clade 1A
SRR5593175	Clade 2
SRR5599726	Clade 2
SRR5605843	Clade 1B
SRR5605859	Clade 2
SRR5605865	Clade 2
SRR5605894	Clade 1B
SRR5605950	Clade 1B
SRR5605961	Clade 1B
SRR5620254	Clade 2
SRR5620265	Clade 2
SRR5628563	Clade 1B
SRR5628567	Clade 1B
SRR5628572	Clade 1B
SRR5628574	Clade 1B
SRR5628638	Clade 2
SRR5631286	Clade 2
SRR5632189	Clade 1B
SRR5632228	Clade 1B
SRR5633659	Clade 1B
SRR5633661	Clade 1B
SRR5640201	Clade 1B
SRR5640215	Clade 1B
SRR5640541	Clade 1A
SRR5642013	Clade 1B
SRR5642017	Clade 1B
SRR5642022	Clade 1B
SRR5642166	Clade 1B
SRR5643175	Clade 2
SRR5645419	Clade 2
SRR5647039	Clade 2
SRR5647043	Clade 2
SRR5647053	Clade 2
SRR5647085	Clade 2
SRR5649221	Clade 1A
SRR5655477	Clade 2
SRR5655499	Clade 1B
SRR5655510	Clade 2
SRR5659573	Clade 2
SRR5659652	Clade 1B
SRR5659687	Clade 1B
SRR5659706	Clade 1B
SRR5659707	Clade 1B
SRR5659708	Clade 1B
SRR5659710	Clade 1B
SRR5659712	Clade 2
SRR5659713	Clade 1B
SRR5660097	Clade 2
SRR5664382	Unassigned
SRR5680502	Clade 1B
SRR5680506	Clade 1B
SRR5682798	Clade 1B
SRR5683430	Clade 2
SRR5684032	Clade 2
SRR5684092	Clade 2
SRR5693817	Clade 2
SRR5693822	Clade 2
SRR5693823	Clade 2
SRR5704986	Clade 2
SRR5714243	Clade 1B
SRR5714410	Clade 1B
SRR5714418	Clade 2
SRR5725170	Clade 2
SRR5725234	Clade 2
SRR5725498	Clade 2
SRR5725517	Clade 2
SRR5740062	Clade 1A
SRR5740068	Unassigned
SRR5742164	Clade 1B
SRR5742290	Clade 2
SRR5742487	Clade 1A
SRR5742497	Clade 1B
SRR5742498	Clade 1B
SRR5742502	Clade 1B
SRR5742506	Clade 1A
SRR5742509	Clade 1B
SRR5742514	Clade 1B
SRR5753195	Clade 2
SRR5753203	Clade 2
SRR5756424	Clade 1A
SRR5760362	Clade 1B
SRR5760364	Unassigned
SRR5760366	Clade 2
SRR5760376	Clade 2
SRR5760385	Clade 2
SRR5760397	Clade 1B
SRR5760405	Clade 2
SRR5761293	Clade 1B
SRR5761443	Clade 1B
SRR5761447	Clade 1B
SRR5761449	Clade 1B
SRR5765058	Clade 2
SRR5787101	Clade 2
SRR5787123	Clade 2
SRR5787124	Clade 2
SRR5799695	Clade 1A
SRR5799705	Clade 1B
SRR5799717	Clade 1B
SRR5800840	Clade 2
SRR5800841	Clade 2
SRR5804745	Clade 2
SRR5812035	Clade 2
SRR5812099	Clade 1B
SRR5812106	Clade 1B
SRR5812132	Clade 1B
SRR5812144	Clade 1A
SRR5815674	Clade 1B
SRR5815675	Clade 1B
SRR5815871	Clade 2
SRR5816255	Clade 2
SRR5819676	Clade 2
SRR5819678	Clade 2
SRR5820383	Clade 1B
SRR5820390	Clade 1B
SRR5820785	Clade 1B
SRR5820791	Clade 1B
SRR5823430	Clade 2
SRR5823433	Clade 1B
SRR5832658	Clade 1B
SRR5839947	Clade 2
SRR5850219	Clade 1A
SRR5851436	Clade 2
SRR5852415	Clade 2
SRR5854310	Clade 1B
SRR5856943	Clade 1B
SRR5856954	Clade 2
SRR5862661	Clade 2
SRR5862671	Clade 3
SRR5864284	Clade 1B
SRR5864305	Unassigned
SRR5864306	Clade 1B
SRR5864378	Clade 1B
SRR5864422	Unassigned
SRR5864532	Clade 1B
SRR5864538	Clade 1B
SRR5864546	Clade 1B
SRR5864551	Clade 1B
SRR5864555	Clade 1B
SRR5865152	Clade 1B
SRR5865157	Clade 1B
SRR5865395	Clade 2
SRR5865671	Clade 2
SRR5868283	Clade 1B
SRR5870984	Clade 2
SRR5875984	Clade 3
SRR5875985	Clade 1B
SRR5875994	Clade 1B
SRR5876004	Clade 2
SRR5876013	Clade 2
SRR5876251	Clade 1B
SRR5876253	Clade 1B
SRR5876387	Clade 1B
SRR5876659	Clade 1B
SRR5876697	Clade 1B
SRR5876866	Clade 1B
SRR5876903	Clade 1A
SRR5879191	Clade 2
SRR5879425	Clade 2
SRR5879437	Clade 2
SRR5887838	Clade 1B
SRR5888045	Clade 1B
SRR5888478	Clade 1B
SRR5888479	Clade 1B
SRR5888482	Clade 1B
SRR5888623	Clade 2
SRR5888635	Clade 2
SRR5888688	Clade 1A
SRR5889599	Clade 2
SRR5889606	Clade 2
SRR5889609	Clade 3
SRR5890252	Clade 2
SRR5890266	Clade 1B
SRR5890345	Clade 1B
SRR5890570	Clade 3
SRR5892873	Clade 1B
SRR5901634	Clade 3
SRR5901637	Clade 3
SRR5901883	Clade 3
SRR5906877	Clade 2
SRR5906879	Clade 1A
SRR5906881	Clade 1A
SRR5906893	Clade 3
SRR5908187	Clade 2
SRR5908188	Clade 1B
SRR5908296	Clade 1B
SRR5908488	Clade 1A
SRR5909425	Clade 1B
SRR5909476	Clade 1B
SRR5909489	Clade 1B
SRR5910168	Clade 2
SRR5920086	Clade 2
SRR5920098	Clade 1B
SRR5920143	Clade 1A
SRR5920762	Clade 2
SRR5920767	Clade 3
SRR5920992	Clade 2
SRR5921343	Clade 1B
SRR5921399	Clade 1B
SRR5921492	Clade 1B
SRR5929658	Clade 2
SRR5929668	Clade 1B
SRR5929672	Clade 2
SRR5930163	Clade 2
SRR5932643	Clade 2
SRR5932666	Clade 1B
SRR5932690	Clade 1B
SRR5935389	Clade 1A
SRR5935674	Clade 1A
SRR5938165	Clade 1B
SRR5938167	Clade 1B
SRR5938170	Clade 1B
SRR5938178	Clade 1B
SRR5945370	Clade 1A
SRR5945382	Clade 1B
SRR5947610	Clade 2
SRR5947611	Clade 2
SRR5947695	Clade 1B
SRR5947700	Clade 1B
SRR5947705	Clade 1B
SRR5947707	Clade 1B
SRR5947719	Clade 1B
SRR5947732	Clade 1B
SRR5947744	Clade 3
SRR5948443	Clade 3
SRR5948457	Clade 1B
SRR5948471	Clade 1B
SRR5948484	Clade 1B
SRR5951324	Clade 1B
SRR5951325	Clade 1B
SRR5951419	Clade 1B
SRR5956148	Clade 1A
SRR5958605	Clade 2
SRR5962578	Clade 1B
SRR5962585	Clade 1B
SRR5962596	Clade 1B
SRR5980414	Clade 2
SRR5982371	Clade 2
SRR5982403	Clade 2
SRR5982404	Clade 3
SRR5990992	Clade 1B
SRR5993010	Clade 1B
SRR5993046	Clade 1B
SRR5995908	Clade 1B
SRR5996323	Clade 2
SRR5996330	Clade 2
SRR5997414	Clade 2
SRR6008523	Clade 3
SRR6008524	Clade 2
SRR6010215	Clade 3
SRR6011751	Clade 2
SRR6025954	Clade 1A
SRR6026078	Clade 1B
SRR6026447	Clade 2
SRR6029132	Clade 2
SRR6029142	Clade 2
SRR6029191	Clade 1A
SRR6038079	Clade 2
SRR6039961	Clade 2
SRR6050878	Clade 2
SRR6050880	Clade 2
SRR6051224	Clade 2
SRR6051422	Unassigned
SRR6077137	Clade 1A
SRR6077141	Unassigned
SRR6077143	Clade 2
SRR6077144	Unassigned
SRR6077145	Clade 2
SRR6077146	Clade 2
SRR6077148	Clade 2
SRR6107555	Clade 1B
SRR6107963	Clade 2
SRR6108693	Clade 2
SRR6113344	Clade 2
SRR6114178	Clade 2
SRR6114202	Clade 2
SRR6114327	Clade 1B
SRR6121987	Clade 2
SRR6125289	Clade 2
SRR6126781	Unassigned
SRR6126787	Unassigned
SRR6126811	Unassigned
SRR6126857	Unassigned
SRR6126859	Unassigned
SRR6129250	Clade 1B
SRR6129251	Clade 1B
SRR6131611	Clade 2
SRR6159463	Clade 2
SRR6169245	Clade 1B
SRR6178080	Clade 1B
SRR6179266	Clade 2
SRR6179271	Clade 2
SRR6179273	Clade 2
SRR6187209	Clade 2
SRR6187464	Clade 2
SRR6195119	Clade 1A
SRR6197814	Clade 2
SRR6197849	Clade 2
SRR6203407	Clade 2
SRR6203422	Clade 2
SRR6207450	Clade 1A
SRR6216127	Clade 1B
SRR6217710	Clade 1B
SRR6217722	Clade 1B
SRR6218009	Clade 2
SRR6243423	Clade 1B
SRR6243578	Clade 1B
SRR6249658	Clade 1B
SRR6249690	Clade 2
SRR6249694	Clade 2
SRR6253530	Clade 3
SRR6253535	Clade 2
SRR6254937	Clade 1B
SRR6255021	Clade 2
SRR6255111	Clade 2
SRR6265846	Clade 2
SRR6269834	Clade 2
SRR6269882	Clade 2
SRR6269901	Clade 2
SRR6283539	Clade 1B
SRR6289578	Clade 1B
SRR6289583	Clade 1B
SRR6289589	Clade 1B
SRR6289877	Clade 1B
SRR6289942	Clade 3
SRR6289949	Clade 1B
SRR6292463	Clade 2
SRR6292794	Clade 2
SRR6294527	Clade 2
SRR6299364	Clade 1B
SRR6299366	Clade 1B
SRR6299367	Clade 1B
SRR6300854	Clade 2
SRR6300855	Clade 2
SRR6300856	Clade 2
SRR6305362	Clade 2
SRR6310080	Clade 1B
SRR6310255	Clade 1B
SRR6310356	Clade 1A
SRR6310401	Clade 1B
SRR6310557	Clade 2
SRR6311926	Unassigned
SRR6311928	Unassigned
SRR6313709	Clade 1B
SRR6313806	Clade 2
SRR6314250	Clade 2
SRR6314833	Clade 2
SRR6314847	Clade 2
SRR6316165	Clade 3
SRR6317342	Clade 1B
SRR6326931	Clade 1B
SRR6326978	Clade 1B
SRR6327164	Clade 1B
SRR6330501	Clade 2
SRR6330517	Clade 2
SRR6334765	Clade 1B
SRR6334767	Clade 1A
SRR6334771	Clade 1B
SRR6334779	Clade 2
SRR6334802	Clade 1B
SRR6334806	Clade 1A
SRR6334860	Clade 1A
SRR6335216	Clade 2
SRR6342052	Clade 1A
SRR6345364	Clade 2
SRR6350779	Clade 2
SRR6350781	Clade 2
SRR6350881	Clade 2
SRR6350909	Clade 2
SRR6350929	Clade 2
SRR6350941	Clade 2
SRR6350983	Clade 2
SRR6351008	Clade 2
SRR6351035	Clade 2
SRR6351037	Clade 2
SRR6351042	Clade 2
SRR6351061	Clade 2
SRR6351065	Clade 2
SRR6351147	Clade 2
SRR6353851	Clade 1B
SRR6353854	Clade 1B
SRR6353866	Clade 1B
SRR6353869	Clade 3
SRR6353898	Clade 1B
SRR6353909	Clade 1B
SRR6353920	Clade 1B
SRR6353972	Clade 1A
SRR6354016	Clade 3
SRR6356224	Clade 2
SRR6356467	Clade 2
SRR6359042	Clade 1B
SRR6359044	Clade 1B
SRR6359112	Clade 1B
SRR6359122	Clade 3
SRR6371380	Clade 1B
SRR6371544	Clade 1B
SRR6371553	Clade 1A
SRR6371581	Clade 1B
SRR6371612	Clade 1A
SRR6371619	Clade 1B
SRR6371753	Clade 1B
SRR6371923	Clade 1B
SRR6371929	Clade 1B
SRR6372965	Clade 3
SRR6373443	Clade 1B
SRR6373446	Clade 2
SRR6373473	Clade 1B
SRR6373490	Clade 1B
SRR6373535	Clade 3
SRR6373581	Clade 1B
SRR6374150	Clade 2
SRR6377183	Clade 2
SRR6377195	Clade 2
SRR6380909	Clade 1A
SRR6380915	Clade 1A
SRR6380927	Clade 1B
SRR6380929	Clade 1B
SRR6380930	Clade 1B
SRR6380932	Clade 1B
SRR6386380	Clade 1B
SRR6386391	Clade 1A
SRR6386393	Clade 1B
SRR6386404	Clade 1B
SRR6386497	Clade 3
SRR6387206	Clade 2
SRR6387210	Clade 2
SRR6387403	Clade 2
SRR6396470	Clade 2
SRR6396474	Clade 1B
SRR6399353	Clade 2
SRR6409455	Clade 1B
SRR6409475	Clade 1B
SRR6410437	Clade 1B
SRR6410442	Clade 3
SRR6411492	Clade 2
SRR6412965	Clade 1A
SRR6412981	Clade 2
SRR6424846	Clade 2
SRR6425477	Clade 1B
SRR6425484	Clade 1B
SRR6425499	Clade 1B
SRR6425518	Clade 2
SRR6427379	Clade 2
SRR6433312	Clade 2
SRR6434042	Clade 1B
SRR6434137	Clade 1B
SRR6434213	Clade 1B
SRR6434223	Clade 1A
SRR6434237	Clade 3
SRR6434244	Clade 2
SRR6434257	Clade 1A
SRR6434293	Unassigned
SRR6440057	Clade 2
SRR6440232	Clade 2
SRR6440484	Unassigned
SRR6440521	Clade 1B
SRR6451388	Clade 2
SRR6451407	Clade 2
SRR6451694	Clade 1B
SRR6452146	Clade 1B
SRR6452928	Clade 2
SRR6452935	Clade 2
SRR6457621	Clade 3
SRR6457628	Clade 1B
SRR6457656	Clade 3
SRR6457660	Clade 3
SRR6465555	Clade 2
SRR6465566	Clade 1B
SRR6469892	Clade 1B
SRR6475557	Clade 2
SRR6481130	Clade 1B
SRR6481325	Clade 1B
SRR6481336	Clade 1A
SRR6481345	Clade 1B
SRR6485178	Unassigned
SRR6485186	Clade 1B
SRR6485348	Clade 2
SRR6485548	Clade 2
SRR6489972	Clade 1B
SRR6489980	Clade 1A
SRR6491187	Clade 2
SRR6491248	Clade 1B
SRR6491256	Clade 1B
SRR6504959	Clade 2
SRR6513135	Clade 3
SRR6514371	Unassigned
SRR6514372	Clade 1B
SRR6514381	Clade 1B
SRR6514385	Clade 1B
SRR6514398	Clade 1B
SRR6514513	Clade 1B
SRR6514527	Clade 1A
SRR6514582	Clade 1B
SRR6514692	Clade 3
SRR6514695	Clade 1B
SRR6514700	Clade 2
SRR6514703	Clade 1B
SRR6514704	Clade 3
SRR6514708	Clade 1B
SRR6514709	Clade 2
SRR6514714	Clade 1B
SRR6514718	Clade 2
SRR6514729	Clade 1B
SRR6514744	Clade 1B
SRR6514800	Unassigned
SRR6515981	Clade 2
SRR6515987	Clade 2
SRR6516010	Clade 2
SRR6596255	Clade 1B
SRR6614960	Clade 1B
SRR6650865	Clade 2
SRR6650882	Clade 1B
SRR6651185	Clade 1B
SRR6651188	Clade 1B
SRR6659191	Clade 3
SRR6663345	Clade 1B
SRR6663365	Clade 1B
SRR6663372	Clade 1B
SRR6663386	Clade 1B
SRR6663436	Clade 1B
SRR6663456	Clade 2
SRR6663459	Clade 2
SRR6663494	Clade 1B
SRR6663585	Clade 1B
SRR6663594	Clade 1B
SRR6663611	Clade 2
SRR6663615	Clade 2
SRR6663748	Clade 2
SRR6667875	Clade 2
SRR6670271	Clade 2
SRR6670322	Clade 2
SRR6670324	Unassigned
SRR6674716	Clade 2
SRR6676503	Unassigned
SRR6676540	Clade 1B
SRR6676543	Clade 3
SRR6676547	Clade 1B
SRR6676550	Clade 1B
SRR6676552	Clade 1B
SRR6676559	Clade 2
SRR6682041	Clade 1B
SRR6682068	Clade 1B
SRR6682093	Clade 2
SRR6682099	Clade 2
SRR6682102	Clade 1B
SRR6682105	Clade 2
SRR6687045	Clade 1B
SRR6687051	Clade 1B
SRR6687326	Clade 1B
SRR6703131	Unassigned
SRR6703151	Unassigned
SRR6703610	Clade 2
SRR6703617	Clade 1A
SRR6703622	Clade 1B
SRR6703793	Clade 1B
SRR6703825	Clade 1B
SRR6703837	Clade 1B
SRR6703864	Clade 3
SRR6703870	Clade 1B
SRR6703871	Clade 1B
SRR6715687	Clade 2
SRR6715727	Clade 1A
SRR6715728	Clade 2
SRR6715730	Clade 2
SRR6716004	Clade 1B
SRR6716010	Clade 2
SRR6716011	Clade 1B
SRR6716013	Clade 2
SRR6716014	Clade 2
SRR6716021	Clade 1B
SRR6716025	Clade 1B
SRR6726284	Clade 1A
SRR6726540	Clade 2
SRR6726542	Clade 1B
SRR6729919	Clade 1B
SRR6729936	Clade 1B
SRR6729946	Clade 2
SRR6729988	Clade 1B
SRR6750518	Clade 3
SRR6760535	Clade 2
SRR6760560	Clade 1B
SRR6760629	Clade 2
SRR6766117	Clade 2
SRR6766133	Clade 1B
SRR6766152	Clade 1B
SRR6766166	Clade 1B
SRR6766432	Clade 1A
SRR6782306	Clade 3
SRR6782460	Clade 1A
SRR6791723	Clade 1B
SRR6791727	Clade 1B
SRR6791871	Clade 1B
SRR6791884	Clade 2
SRR6793580	Clade 3
SRR6794860	Clade 1A
SRR6794869	Clade 1B
SRR6794949	Clade 1B
SRR6794967	Clade 1B
SRR6794969	Clade 1B
SRR6794975	Clade 1B
SRR6794987	Clade 1B
SRR6798502	Clade 3
SRR6805464	Clade 1B
SRR6807953	Clade 2
SRR6809164	Clade 3
SRR6809168	Clade 3
SRR6809227	Clade 1B
SRR6809237	Clade 1B
SRR6809245	Clade 2
SRR6809248	Clade 1B
SRR6809262	Clade 1B
SRR6813639	Clade 3
SRR6813678	Clade 1B
SRR6813679	Clade 1B
SRR6820771	Clade 2
SRR6820773	Clade 2
SRR6820778	Clade 2
SRR6820813	Clade 2
SRR6844254	Unassigned
SRR6848336	Clade 3
SRR6870039	Clade 3
SRR6870261	Clade 1B
SRR6870268	Clade 2
SRR6870468	Clade 3
SRR6870495	Clade 1B
SRR6870545	Clade 1A
SRR6870550	Clade 2
SRR6870623	Clade 1B
SRR6879233	Clade 2
SRR6879302	Clade 2
SRR6879358	Clade 2
SRR6879360	Clade 3
SRR6879361	Clade 1B
SRR6879544	Clade 3
SRR6879546	Clade 1B
SRR6879551	Clade 2
SRR6879552	Clade 2
SRR6879579	Clade 2
SRR6879582	Clade 3
SRR6879598	Clade 1B
SRR6879604	Clade 2
SRR6879605	Clade 2
SRR6879617	Clade 2
SRR6879626	Clade 3
SRR6879660	Clade 1B
SRR6879762	Clade 3
SRR6879777	Clade 3
SRR6879782	Clade 2
SRR6879790	Clade 2
SRR6879806	Unassigned
SRR6879824	Clade 1B
SRR6879831	Clade 1B
SRR6879845	Clade 1B
SRR6879894	Clade 1B
SRR6879936	Clade 1B
SRR6879945	Clade 1B
SRR6879954	Clade 2
SRR6880069	Clade 1B
SRR6880075	Clade 2
SRR6880090	Clade 1B
SRR6880092	Clade 1B
SRR6880095	Clade 1B
SRR6880096	Clade 3
SRR6880101	Clade 2
SRR6880139	Clade 2
SRR6880966	Clade 1B
SRR6881176	Clade 2
SRR6881181	Clade 2
SRR6881186	Clade 1B
SRR6881363	Clade 3
SRR6881500	Clade 1B
SRR6881524	Clade 2
SRR6881528	Unassigned
SRR6881529	Clade 1B
SRR6881549	Clade 1B
SRR6885284	Clade 2
SRR6885352	Clade 1B
SRR6885370	Clade 1B
SRR6885372	Clade 2
SRR6885373	Clade 1B
SRR6885415	Clade 1B
SRR6885421	Clade 1B
SRR6885423	Clade 2
SRR6885424	Clade 2
SRR6885438	Clade 1B
SRR6885448	Clade 1B
SRR6885449	Clade 1B
SRR6885488	Clade 2
SRR6885509	Clade 1B
SRR6903140	Clade 1B
SRR6904874	Clade 3
SRR6907908	Clade 2
SRR6908043	Clade 1B
SRR6908082	Clade 1A
SRR6908285	Clade 1B
SRR6908291	Clade 2
SRR6908294	Clade 1B
SRR6908296	Clade 2
SRR6916409	Clade 1B
SRR6916413	Clade 3
SRR6916417	Clade 1A
SRR6916428	Clade 3
SRR6920154	Clade 3
SRR6920768	Clade 1A
SRR6926974	Clade 3
SRR6926993	Clade 3
SRR6926995	Clade 2
SRR6940332	Clade 1B
SRR6940337	Unassigned
SRR6940506	Clade 2
SRR6940789	Clade 2
SRR6945225	Clade 1A
SRR6945231	Clade 1B
SRR6945302	Clade 1B
SRR6945305	Clade 1B
SRR6945309	Clade 1B
SRR6956030	Clade 2
SRR6967754	Clade 2
SRR6967767	Clade 1B
SRR6968007	Clade 2
SRR6968011	Clade 1B
SRR6968012	Clade 1A
SRR6976765	Clade 2
SRR6979088	Clade 1B
SRR6979106	Clade 2
SRR6984317	Clade 2
SRR6984401	Clade 3
SRR6994809	Clade 2
SRR6994841	Clade 1B
SRR6994845	Clade 3
SRR6994857	Clade 2
SRR6994863	Clade 1B
SRR6994922	Clade 1B
SRR7001528	Clade 1B
SRR7027906	Clade 1B
SRR7028015	Clade 2
SRR7028039	Clade 2
SRR7028111	Unassigned
SRR7028170	Clade 2
SRR7028218	Clade 1B
SRR7039801	Clade 3
SRR7039802	Clade 2
SRR7039818	Clade 3
SRR7049652	Clade 1B
SRR7049657	Clade 1B
SRR7049666	Clade 1B
SRR7049718	Clade 2
SRR7049729	Clade 2
SRR7049780	Clade 2
SRR7049818	Clade 1B
SRR7049829	Clade 2
SRR7049839	Clade 2
SRR7049850	Clade 3
SRR7049851	Clade 2
SRR7049858	Clade 3
SRR7049988	Unassigned
SRR7056101	Clade 2
SRR7056126	Clade 2
SRR7056129	Clade 2
SRR7093149	Clade 3
SRR7153419	Clade 2
SRR7155451	Clade 2
SRR7167939	Clade 3
SRR7170213	Clade 1B
SRR7173104	Clade 3
SRR7234459	Clade 1B
SRR7234481	Clade 3
SRR7234611	Clade 2
SRR7237486	Clade 3
SRR7245655	Clade 3
SRR7245752	Clade 2
SRR7257604	Clade 3
SRR7284555	Clade 3
SRR7346592	Clade 2
SRR7346614	Clade 2
SRR7348230	Clade 1B
SRR7348252	Clade 3
SRR7348253	Clade 2
SRR7454860	Clade 3
SRR7501049	Clade 3
SRR7504446	Clade 2
SRR7504452	Clade 2
SRR7518688	Unassigned
SRR7532785	Clade 1B
SRR7541287	Clade 1B
SRR7632604	Clade 3
SRR7650131	Clade 3
SRR7653245	Clade 2
SRR7653252	Clade 2
SRR7653263	Clade 2
SRR7653301	Clade 2
SRR7653459	Clade 2
SRR7665214	Clade 3
SRR7691940	Clade 3
SRR7697265	Clade 2
SRR7708084	Clade 3
SRR7758853	Clade 3
SRR7810063	Clade 3
SRR7810064	Clade 3
SRR7814076	Unassigned
SRR7814444	Clade 1A
SRR7814452	Unassigned
SRR7874270	Clade 2
SRR7874273	Clade 2
SRR7874310	Clade 2
SRR7876223	Clade 3
SRR7876342	Clade 2
SRR7907638	Clade 2
SRR7907659	Clade 2
SRR7907769	Clade 2
SRR7907804	Clade 2
SRR7907843	Clade 2
SRR7907856	Clade 2
SRR7907857	Clade 2
SRR7907871	Clade 2
SRR7907882	Clade 2
SRR7907887	Clade 2
SRR7907914	Clade 2
SRR7939330	Clade 3
SRR7987093	Clade 3
SRR8066645	Clade 3
SRR8113876	Clade 3
SRR8146026	Clade 2
SRR8178110	Clade 3
SRR8208285	Clade 3
SRR8208291	Clade 3
SRR8241888	Clade 3
SRR8263140	Clade 3
SRR8300751	Clade 2
SRR8370609	Clade 3
SRR8385591	Clade 2
SRR8390000	Clade 3
SRR8397798	Clade 3
SRR8430248	Clade 3
SRR8430258	Clade 3
SRR8439929	Clade 3
SRR8464741	Clade 3
SRR8479221	Clade 3
SRR8489747	Clade 3
SRR8495276	Clade 3
SRR8495279	Clade 3
SRR8495282	Clade 3
SRR8502804	Clade 1B
SRR8502822	Clade 2
SRR8503428	Clade 3
SRR8514739	Clade 3
SRR8518941	Clade 3
SRR8522977	Clade 3
SRR8544680	Unassigned
SRR8550936	Clade 3
SRR8556303	Clade 3
SRR8575063	Clade 2
SRR8592465	Clade 3
SRR8592554	Clade 3
SRR8593440	Clade 3
SRR8599159	Clade 3
SRR8606665	Clade 3
SRR8618203	Clade 3
SRR8632951	Clade 3
SRR8645014	Clade 3
SRR8645018	Clade 3
SRR8695415	Clade 3
SRR8699552	Clade 3
SRR8707449	Clade 3
SRR8721831	Clade 2
SRR8723088	Clade 3
SRR8723110	Clade 3
SRR8728105	Clade 3
SRR8731261	Clade 3
SRR8731608	Clade 2
SRR8742108	Clade 3
SRR8754572	Clade 3
SRR8767323	Clade 3
SRR8768146	Clade 3
SRR8784034	Clade 3
SRR8794992	Clade 3
SRR8800808	Clade 3
SRR8815936	Clade 2
SRR8839700	Clade 3
SRR8865889	Clade 2
SRR8872009	Clade 2
SRR8887756	Unassigned
SRR8887757	Unassigned
SRR8887758	Unassigned
SRR8887762	Unassigned
SRR8888447	Clade 3
SRR8888471	Clade 3
SRR8915519	Clade 3
SRR8929915	Clade 3
SRR8951939	Clade 3
SRR8955284	Clade 2
SRR8955285	Unassigned
SRR8955294	Unassigned
SRR8955304	Unassigned
SRR8983671	Clade 3
SRR9001377	Clade 3
SRR9017278	Clade 3
SRR9019655	Clade 3
SRR9028475	Clade 3
SRR9045629	Clade 3
SRR9050658	Clade 3
SRR9087735	Clade 3
SRR9087739	Clade 3
SRR9087744	Clade 3
SRR9113164	Clade 3
SRR9117931	Clade 3
SRR9139746	Clade 3
SRR9171645	Clade 3
SRR9201981	Clade 3
SRR9210950	Clade 3
SRR9257381	Clade 3
SRR9257578	Clade 3
SRR9277703	Clade 3
SRR9280406	Clade 1B
SRR9297178	Clade 3
SRR9302488	Clade 3
SRR9302502	Clade 3
SRR9326345	Clade 3
SRR9331513	Clade 3
SRR9651935	Clade 3
SRR9658176	Clade 3
SRR9659252	Clade 3
SRR9670801	Clade 3
SRR9697046	Clade 2
SRR9697069	Clade 3
SRR9699608	Clade 3
SRR9699612	Clade 3
SRR9699614	Clade 3
SRR9715935	Clade 3
SRR9822870	Clade 3
SRR9829513	Clade 3
SRR9845461	Clade 3
SRR9846870	Clade 3
SRR9853042	Clade 3
SRR9853118	Clade 2
SRR9856892	Clade 3
SRR9860343	Clade 2
SRR9910982	Clade 3
SRR9984208	Clade 3
SRR9984215	Clade 3
SRR9984292	Clade 3
SRR9984294	Clade 3
SRR9984295	Clade 3
SRR9984297	Clade 3
SRR9984339	Clade 3
SRR9984402	Clade 3
SRR9984486	Clade 3
SRR9989970	Clade 2
